,file_id,origin,predicted_emotion
0,030472df-9d70-4d76-a1a5-acb4c33537d3.wav,crema,neutral
1,ac4720de-e0d9-4667-86a7-4236d410ed25.wav,crema,neutral
2,264928af-cb15-4125-abf7-9408369d83b2.wav,crema,happy
3,2233ce2b-35ae-483c-9397-1058f681b6ef.wav,crema,fear
4,472aa1eb-b4dc-452c-84b7-934ed61285da.wav,crema,disgust
5,d68ad61a-7e8e-4afa-863b-052eaf666aab.wav,crema,sadness
6,bad49fb4-4668-4ac3-98c4-6bc9c86da9b8.wav,crema,surprise
7,98a578fb-f3cd-4d1f-8f2f-5dc377039650.wav,crema,neutral
8,4fdf39c2-c8af-4133-b30b-0d7341e4aaee.wav,crema,angry
9,60abe1cd-a756-43f7-9da5-23199453e1f8.wav,crema,happy
10,17fec116-9fa9-4b85-82ba-b7da07333e31.wav,crema,surprise
11,41abc643-92db-4910-9dcc-7e893b77201c.wav,crema,sadness
12,4e919ca5-d891-4d7d-9b1b-c85292558a0f.wav,crema,happy
13,5bdd19f0-8b3a-408e-affb-eed30af10d42.wav,crema,fear
14,0f86d099-3276-449f-90a8-830ac16cf39d.wav,crema,disgust
15,8429f320-c6c1-4f55-b5ef-ebea1ccb5a6e.wav,crema,happy
16,ca3cead2-1d48-4b3f-aa35-13fe7058ac83.wav,crema,angry
17,54b8f975-9701-4f52-a96c-2ac26a6ee8a5.wav,crema,happy
18,f61bfc0c-0fb7-42b0-b576-a6e5b86b5015.wav,crema,angry
19,136532f9-8641-4e1a-b369-12d64ba69a81.wav,crema,happy
20,d5b5d5ba-8585-4aca-814b-f72ef1cba809.wav,crema,fear
21,cbabdc07-dcfa-4281-b371-587db8b72028.wav,crema,sadness
22,85418dc0-ddd2-49c8-b4bd-fe2772affb31.wav,crema,happy
23,e4eaccbb-596d-4808-913a-244f5548dfa0.wav,crema,angry
24,70529476-55d6-4d10-bb3a-5a0e57a3e40d.wav,crema,fear
25,92f5f085-ea8b-476c-a79d-7aa30b4157f3.wav,crema,disgust
26,00e35fc7-a520-4437-b0a9-54c38e2ab52f.wav,crema,angry
27,7ab2145a-0691-4605-8db7-7af2dd18fae2.wav,crema,happy
28,3b58e423-fa11-423b-98d7-0ce63ce71508.wav,crema,happy
29,9b767707-3440-41bc-9397-557ec178e070.wav,crema,happy
30,53f2cbd3-ce96-4abf-a0fd-8058a7bcbbe8.wav,crema,happy
31,a1716f65-f57f-4a03-9418-34e1e9737d47.wav,crema,angry
32,026f3b8e-44a0-4e72-b8dc-c8937eb12773.wav,crema,angry
33,e4087919-ac90-4fc3-9634-69e8fee6feae.wav,crema,disgust
34,6e9e99ce-e14d-47e1-8633-984006433b84.wav,crema,angry
35,ab16901e-06bf-48cf-a749-e43f36a7e721.wav,crema,happy
36,92a40505-4860-4def-9bf1-6b44485994d6.wav,crema,happy
37,746d0f7a-9ec9-41f7-a61c-f2ee8237049f.wav,crema,happy
38,24d4775e-eb1b-47c7-99d1-3bb101b1e194.wav,crema,neutral
39,c399f2c2-211d-45d4-bb03-b53be8c74a40.wav,crema,neutral
40,2a092881-1ae6-4fac-8d74-5c916fb68a82.wav,crema,happy
41,c432d224-aff5-42fc-9371-3ccdf866c5a6.wav,crema,angry
42,4900c30a-9d61-41af-99c3-396cd57baa0c.wav,crema,neutral
43,a4502372-783c-4125-bda7-cf3764f09e75.wav,crema,neutral
44,28a36005-2345-48c5-84cf-a2f58441c07c.wav,crema,happy
45,8ff13141-28a9-4126-bdee-8ba463a69c56.wav,crema,neutral
46,6d40523c-609f-47c2-b69e-2830d66cce13.wav,crema,neutral
47,efdf09dc-409c-43df-9d89-a715a6e53304.wav,crema,happy
48,0fc4f101-3000-4eb8-9348-99f8ae931318.wav,crema,neutral
49,593564d0-be05-4f55-998b-d4aab5407704.wav,crema,angry
50,26f8d26b-22b6-4c68-b706-734ad46b3f34.wav,crema,happy
51,f3579648-8529-47dd-a671-a2fc31c35c9b.wav,crema,neutral
52,541a5803-63fc-4e96-bc04-0bc21bd55737.wav,crema,sadness
53,f665fd2b-6314-4608-8e6c-52230baada26.wav,crema,sadness
54,e28a14d5-e72e-455a-a75e-34a9d84e3cc6.wav,crema,neutral
55,ac6db476-5001-4bbf-bfd8-00b376650847.wav,crema,sadness
56,3a15aa50-3491-4b2a-a2ef-081185f510db.wav,crema,neutral
57,51984f90-ec88-4aed-9704-a6509a28fe98.wav,crema,happy
58,a84a9c7c-599c-422b-87e5-0314aa09f53b.wav,crema,sadness
59,bf3ac1dc-125f-4659-9312-c7f5c85024d2.wav,crema,disgust
60,5a96d785-c3e0-4133-889a-da52d2a4bc39.wav,crema,sadness
61,c6b5fefa-6e34-479b-8367-faf4887456c5.wav,crema,disgust
62,415748a4-89b6-4e6c-af9d-f1314402dba6.wav,crema,sadness
63,cf09baad-0fb4-4d50-9f4e-75cd0c76fe57.wav,crema,neutral
64,6a7848d8-38f3-43a1-8d22-61e5d4c60112.wav,crema,happy
65,143451e7-7e88-47ea-a311-f48a5991a4a4.wav,crema,happy
66,0ff70923-4d57-4ae5-b45c-db6b17a4d369.wav,crema,sadness
67,095517fd-d106-4e4a-b26b-23155beb4c05.wav,crema,happy
68,2ad78220-be8b-459c-bcb2-3c2b40474d3e.wav,crema,angry
69,f126b199-bcd6-4533-a687-efa71caedd73.wav,crema,happy
70,fe7b2f96-2b9a-428c-9617-9d2670abe506.wav,crema,fear
71,46726e7f-6cce-4520-8154-22aea06c9395.wav,crema,disgust
72,f1965834-8304-4161-a201-9729f39cd960.wav,crema,angry
73,3c7266fb-54f5-47eb-8f88-25fc3d646df3.wav,crema,sadness
74,a9626d61-f35f-494d-ab47-7378ef89ca16.wav,crema,disgust
75,f9b7713a-fb6c-40da-866c-429db4027ed8.wav,crema,angry
76,d9d45518-3014-407e-9c56-17ce3aa7ac79.wav,crema,sadness
77,bc2516fb-45a9-4f19-be79-b6cfe5e989f0.wav,crema,happy
78,0f4ed19c-7198-4f5b-b494-12d06b19d246.wav,crema,happy
79,e610fc15-db55-47d3-b912-e3b5e0312aee.wav,crema,happy
80,d3ba600c-7e89-4374-8d2d-54d0957942e2.wav,crema,happy
81,40557dad-62b1-49aa-ab72-6dbd5f8808c3.wav,crema,neutral
82,75255098-3d10-4a6a-932a-8968b90d7b4e.wav,crema,angry
83,74b5a22c-d0ab-4484-8e11-0077f9066172.wav,crema,fear
84,60705347-b122-45e3-8dcc-2514ed2cab8d.wav,crema,happy
85,b4117aee-c0fe-43b1-ae2d-e3ca790cea54.wav,crema,disgust
86,8c906893-a82c-4b0a-a37c-cde242f752f0.wav,crema,fear
87,42c0fc88-1322-4f22-8ac5-4908729de211.wav,crema,sadness
88,d41caa37-d252-4d0f-927e-7ac92b519763.wav,crema,happy
89,7f84e2eb-9067-410d-9472-dc39afc401e5.wav,crema,happy
90,e151d45c-95ff-4762-8631-d4f68fd105a0.wav,crema,neutral
91,051a1e2d-d2dc-4e90-949f-0ad022ba7b30.wav,crema,happy
92,ac22925f-7032-41cb-9556-12b621d3b3fe.wav,crema,happy
93,c0865386-55e3-4919-9cd7-559e99caf53c.wav,crema,sadness
94,aad1cdf5-7ec9-4dc8-ae17-5ea07692117a.wav,crema,angry
95,e999823f-90ab-4d4b-811c-5873534cd225.wav,crema,disgust
96,81743684-814a-48e1-9857-b079d37bddd3.wav,crema,neutral
97,15e10e12-476c-422a-99ac-6a6209ad87b3.wav,crema,happy
98,aa610b88-e226-433e-8c6c-d2336b531e57.wav,crema,fear
99,25a81ecd-3fec-44a3-8b08-e8e31ebabbaf.wav,crema,neutral
100,5bc5263e-bd27-441b-b324-35eb054578f8.wav,crema,angry
101,413809c2-eed6-4201-86a4-e2951ed5c98a.wav,crema,fear
102,e572ca26-b253-41b3-8448-2a3c95622166.wav,crema,happy
103,3700bd47-8312-4923-a17f-2ae2796eca40.wav,crema,happy
104,86349f14-ba09-40d1-ac2e-509f385eccca.wav,crema,happy
105,58590124-d612-44b2-971c-1619de73d71d.wav,crema,sadness
106,34aa3bb7-4951-42ec-ba41-fd6711df21f7.wav,crema,neutral
107,08c364f5-f51e-4951-bb72-898a31f90cce.wav,crema,fear
108,6a08e1b1-dcbf-4752-94f4-a5710be9af32.wav,crema,neutral
109,b764b2cd-7189-4f0a-92fa-f2ea47df5647.wav,crema,neutral
110,ad75991d-308d-45f3-af32-c2f8361e7890.wav,crema,fear
111,c82c9c3d-12ef-46fb-b4ff-1e1485b9dd77.wav,crema,disgust
112,282de678-9e59-4333-8b48-ccaf7fbba393.wav,crema,happy
113,cdd27e78-6691-407b-aa9e-ab3ac1a5fb0f.wav,crema,angry
114,6da55aa0-abfe-4db8-9f17-1c33cf5d8459.wav,crema,surprise
115,741e51a7-fd84-42c2-b60e-e96cb39ea10e.wav,crema,disgust
116,651d47df-4d87-4a53-be97-8e1958e1350c.wav,crema,sadness
117,106a5971-40ef-4bed-8594-ecc84c440b79.wav,crema,sadness
118,06655e48-e2c8-4aaa-bad2-048bc8da7acb.wav,crema,sadness
119,94d28822-412b-4c41-98f3-efe1f2dcb967.wav,crema,fear
120,75e70b60-343d-409f-a956-bf900f0539e8.wav,crema,disgust
121,8dc1b07a-2136-4047-9aa7-4ea560d14367.wav,crema,fear
122,62101274-9ede-404a-9d04-9160365c734e.wav,crema,sadness
123,f464731f-f9d5-41f8-8ac0-99f416549629.wav,crema,neutral
124,23d1f40b-821d-4aa6-810c-ff53368a70b9.wav,crema,happy
125,1fa15a11-f1d6-472f-8b73-9a0c775d3429.wav,crema,happy
126,0a89cb01-e737-47c3-9a94-c4aefff895c5.wav,crema,fear
127,b55ea059-c5ed-433e-9bdd-13d9ce24b3ad.wav,crema,neutral
128,2baad367-9436-40fa-92b3-2cc62d738e5d.wav,crema,sadness
129,1aa8e8d6-9ecf-4134-8add-0de0dbb0c36c.wav,crema,disgust
130,50d029c4-ae55-4c14-a557-badc76a4ed2e.wav,crema,angry
131,dee9089a-f33e-4477-82ca-67be2205d45e.wav,crema,sadness
132,c82d39ee-6679-4cea-aad9-644eefb59e5c.wav,crema,happy
133,272a9d4e-6683-40fc-a2bd-8bc57be4b767.wav,crema,sadness
134,ceb20dae-c425-4fea-9b3d-23a24075cabf.wav,crema,disgust
135,ead43913-018d-44a9-baa8-41db147a7e3c.wav,crema,disgust
136,328649ce-7cd9-4002-856e-a26954f4f6dc.wav,crema,sadness
137,dcda79ed-cf96-464b-9529-b16209c3ec9d.wav,crema,fear
138,cd5b96dd-9369-470f-ba43-e1a488f9fa7a.wav,crema,sadness
139,af999aa5-53bb-42cd-b2d6-116c19c75680.wav,crema,disgust
140,29ace315-65aa-48a3-91e0-b03d2b652861.wav,crema,angry
141,66832aed-b5dc-4ff8-a5d5-f4148441879c.wav,crema,sadness
142,ccf2787a-06f1-4c90-816d-25feb48910db.wav,crema,angry
143,f35c9cce-b45b-4317-bfca-38cc2e0e1ecf.wav,crema,angry
144,73c17a17-a00e-4aeb-9d22-694753f10bf4.wav,crema,disgust
145,ddb4dfc3-4344-48ff-b719-58fc608f3727.wav,crema,angry
146,f236dbf9-5728-459f-b258-3cdcf847665c.wav,crema,disgust
147,d5a9f6a9-411c-4004-92a1-015ae163a93d.wav,crema,happy
148,2e5fa2d2-1ae5-4db7-bfb0-3285d61489ef.wav,crema,happy
149,f73a7e44-a743-4846-9c5f-7b4d61886e14.wav,crema,happy
150,c1f4e15c-8218-40c2-bd69-bfd3805dea04.wav,crema,disgust
151,79fb5407-dcc1-4da5-99e5-457386b8e5de.wav,crema,fear
152,f2155121-15b5-446a-b251-0e434448d461.wav,crema,neutral
153,5c640dc9-e293-4364-8fcc-1b1069d53ef8.wav,crema,sadness
154,a8cfa49b-2856-4d6b-be7d-1d6ee679beaa.wav,crema,disgust
155,172f13f1-ac8c-4ac2-99e1-8c3f3b311ddc.wav,crema,angry
156,9ffcd7c4-c1da-433f-98fa-f13b879247fb.wav,crema,angry
157,8a7ba981-32b9-40bf-a8f2-21b213a9c4a2.wav,crema,disgust
158,9e14a418-bb3e-49c6-886f-7cd30c13cd58.wav,crema,sadness
159,f29da631-0414-4f9f-82a2-1cb752083fd5.wav,crema,neutral
160,4200eae1-99dd-4669-8611-345eafbeb987.wav,crema,disgust
161,d951a0ce-0c67-4c57-9132-578c8d11001b.wav,crema,happy
162,a4f7763e-da7e-45df-89c7-628ded9ccb8a.wav,crema,disgust
163,c7c21546-75ca-44a0-99d5-ff0c40c07974.wav,crema,sadness
164,fae30d44-005a-461f-b3e9-06215a11d057.wav,crema,happy
165,ae9cc5f0-c12c-4738-84b5-9bf180995f8d.wav,crema,surprise
166,6e00b32b-293d-42f8-a753-08d9249313f8.wav,crema,sadness
167,062af3b2-84fb-43f7-b4f2-8e003728978d.wav,crema,neutral
168,373e694a-280e-4a7b-aac0-b2b282f23d26.wav,crema,fear
169,c670e8e2-e7a1-4cdf-a0d3-6bd8a87b982d.wav,crema,fear
170,82aa0d1e-7892-40d8-80b4-2a363accd6eb.wav,crema,neutral
171,5d290cb1-7c9e-46cc-854c-93a080e6c95f.wav,crema,happy
172,941ab3a5-7818-43dd-a29b-18bc582c8046.wav,crema,disgust
173,4e93974d-bee7-4b9a-a9e5-a9904ac7de45.wav,crema,neutral
174,9a6d4ad0-c5a8-4a1c-b41b-3fac980e96b5.wav,crema,angry
175,cf312559-c21b-45d1-bf85-5659c0ed8f9d.wav,crema,surprise
176,8871d88c-f592-4924-8f61-032660d35d16.wav,crema,fear
177,c2549d7e-21bc-4b31-ab2d-986b42202655.wav,crema,happy
178,fbf490d2-7a5a-4c8b-8562-cb5cf76f02e1.wav,crema,sadness
179,6e157603-52e0-439f-8fc7-85a5e3e9262a.wav,crema,happy
180,d600c0df-7d5d-48f5-8893-8cf790747b7f.wav,crema,angry
181,916fb5b3-addb-4d27-884e-398d0aed4c98.wav,crema,fear
182,9fe2914a-4527-4ca0-9a19-dda80fc97fd3.wav,crema,sadness
183,21b6c197-eac3-4132-9152-79edc22b0856.wav,crema,sadness
184,87dcd4be-56e4-4035-afcc-4b967c339cd9.wav,crema,happy
185,bb0ce56a-df16-4086-a518-e20ace297682.wav,crema,fear
186,2ab428f6-4f76-42f3-9982-db2d46d8ea1d.wav,crema,sadness
187,f43b2a24-4a08-4c23-8d40-4012144c0ec4.wav,crema,sadness
188,e6da6e08-07d9-4656-97cc-d16a21015af1.wav,crema,disgust
189,9a0e2ada-e078-4d18-b0ea-e6f93443b295.wav,crema,disgust
190,3c2faeba-7cf1-440d-9f38-d36695e28a32.wav,crema,angry
191,69f9511d-8d19-4f01-b9f1-8b9e14c421fc.wav,crema,angry
192,d4f96fac-8a51-44b5-bf68-e28b1960c6a8.wav,crema,angry
193,90ac62b3-032a-42f4-9888-cbf58617c2c1.wav,crema,happy
194,e8243e5a-533a-45bd-86e1-2c103c44a4ba.wav,crema,angry
195,c9702c37-057d-4d91-8d78-1d9deb0a4ffe.wav,crema,fear
196,6095b499-e97b-4499-ace0-9fc146a0588e.wav,crema,fear
197,90b15559-5f9e-42be-a3fa-47207fac7224.wav,crema,neutral
198,69a57a59-e0a7-4687-a268-4abc159e376d.wav,crema,disgust
199,0e652e8c-1ed2-4af9-a8a9-0e08b4981542.wav,crema,sadness
200,be5c67d9-1686-4eb5-b895-6f54c4c65cb7.wav,crema,neutral
201,9909f6cb-63ae-4fb8-bb71-dac143a871e0.wav,crema,fear
202,c42349bc-9b3d-4278-82a4-6d41275a7ebb.wav,crema,sadness
203,a251e2f3-305e-42e6-aa3e-9ea3b8f91693.wav,crema,angry
204,45de579d-e9d9-4008-b746-6ff9f43b60d7.wav,crema,neutral
205,8080a719-b9b5-43a3-8e4e-8c881ab9693f.wav,crema,happy
206,30d53d3b-0682-4052-ae84-c06204fa7495.wav,crema,happy
207,7d18b13b-b872-4ff8-8a4f-cf4c1927f1e2.wav,crema,fear
208,139ac845-41d2-42d2-959b-22ae685bb3fd.wav,crema,sadness
209,fdac1089-1ff2-47e0-aa0f-6cdf163a5661.wav,crema,disgust
210,e791b983-a823-49fd-8cae-d17db394afbc.wav,crema,surprise
211,37ea1bbd-1190-4091-8d13-13860e8795be.wav,crema,fear
212,e5323ed0-857d-4eb3-888c-dd636e842a46.wav,crema,happy
213,f6603cd1-5e63-4ef7-a245-1e37a26dc2e4.wav,crema,fear
214,0264f701-6087-406d-bcc6-60d926f57b18.wav,crema,disgust
215,ce15f7bf-b838-45ca-9bd2-62f28ee81c88.wav,crema,neutral
216,88046d6c-b89d-491d-a14d-83e496b8136b.wav,crema,angry
217,e15b3f44-0ac5-48bd-959f-e4d5d934d1db.wav,crema,angry
218,03a0a8ac-750b-4111-ad31-fcb526bf1352.wav,crema,surprise
219,bc600630-19fd-42c1-b33a-ec04b44e2dd6.wav,crema,sadness
220,3c0e621b-1bd3-4065-84a9-c20c01642d9b.wav,crema,sadness
221,4666276e-eae3-4095-8cd5-ef0ff27251f0.wav,crema,disgust
222,30f8c6f5-fd27-4019-ba4c-9501ee753295.wav,crema,disgust
223,9e0092f8-8350-4a6c-a241-0842085083e6.wav,crema,disgust
224,c348d360-20f6-4314-8e00-e9d9a07b0e14.wav,crema,disgust
225,02bfcef4-f1e5-47b1-b434-bbddb5579ce4.wav,crema,happy
226,562df8b7-9273-4878-9b11-52f42aa8eb1a.wav,crema,fear
227,8e083c64-1444-4a4e-8801-5c806599ee76.wav,crema,fear
228,a6dad4dd-582c-410c-a2a4-b51778a8d750.wav,crema,happy
229,e775c140-eea8-44e5-a74d-35108615121c.wav,crema,fear
230,72896bdd-3403-4215-8f50-d13c9b38f13a.wav,crema,disgust
231,cc42885f-b47a-4a3d-b1e0-c8c7ece50bfd.wav,crema,fear
232,991d1799-6451-4a81-810d-565fddffbf37.wav,crema,happy
233,5da1f396-b242-43a2-8e40-67e5aa8c3f48.wav,crema,happy
234,4d63e2ee-113c-41e7-abfd-678b4af33d39.wav,crema,disgust
235,59aaf116-bd2c-4c7d-9ec6-4d0573125a84.wav,crema,happy
236,2e30b025-1441-44b8-8e28-f7fc88d6fb89.wav,crema,fear
237,faba3e35-9cad-4379-8f5b-5dd88b61456b.wav,crema,surprise
238,7e668af9-e830-4262-8f71-29ec3632cc1a.wav,crema,fear
239,cf1c8e7f-f93d-4454-81d3-9296380f6c27.wav,crema,happy
240,331036eb-6da8-4a5d-ab69-ff1c9650b5df.wav,crema,happy
241,7e56fde1-d3c4-4731-8d68-898b1bf58ed9.wav,crema,fear
242,da0a2200-17ba-475a-96e5-afbc41cfc137.wav,crema,angry
243,c5f22132-b0cd-4319-ace0-8529b8764194.wav,crema,happy
244,c9d5f152-85fa-4025-81f4-d41bf0e6db21.wav,crema,angry
245,74dcaae9-d789-4d8c-886d-862f9a3f995d.wav,crema,fear
246,bd5373d7-38e2-443e-921a-877f0ee9afa8.wav,crema,surprise
247,7aec3fc3-ff3a-4a78-a38f-a0af08577bec.wav,crema,happy
248,36c907b7-ac87-44b2-bd88-572c771ac05c.wav,crema,neutral
249,3839066d-b3b9-4d2b-bf29-929e8b09b23f.wav,crema,sadness
250,168e75d4-e5d5-4af8-b513-014939ac2508.wav,crema,sadness
251,e3360574-58ab-46c9-baef-49066aead174.wav,crema,fear
252,d62506af-8a51-47df-bff4-b4e589f77e5d.wav,crema,neutral
253,ce6a833b-1484-453c-b1a4-5ec44b803dea.wav,crema,neutral
254,0e39fd17-6538-4e38-b862-fe9830448141.wav,crema,fear
255,6c3a642c-d504-47e1-ab61-24a4a52a6c7c.wav,crema,disgust
256,d52ef3da-0414-4dff-9beb-0f3f81c47c69.wav,crema,disgust
257,eec2638c-3b27-4a90-8586-669a98cbbfdc.wav,crema,happy
258,bf9133c6-5b20-4fa2-acca-68dffba1fb39.wav,crema,angry
259,18779526-c235-4f64-a9b6-6132b3b044b6.wav,crema,happy
260,8384df35-de05-40d9-adb5-431ae4f64f56.wav,crema,fear
261,69ec8408-0d5a-4bbc-9bcd-eef35459b71b.wav,crema,surprise
262,ff4670e1-19e1-4b86-92f5-e673694cf33a.wav,crema,sadness
263,f3b63410-e125-4561-abb6-88ff8f524e1f.wav,crema,surprise
264,56c87fc1-7f86-44e9-9a56-1dc32e0df2a0.wav,crema,sadness
265,17df6ff3-e0e3-42cf-a23a-60fa40cfe6fd.wav,crema,sadness
266,a166d76e-dfae-4778-81ac-3f2f18eaf992.wav,crema,happy
267,6c980578-8c77-41bf-a3a2-686cf326f017.wav,crema,disgust
268,a5183669-893a-439f-b9d5-692a54315417.wav,crema,neutral
269,ade4a5f7-a243-40ab-8700-fc261dec6ea2.wav,crema,happy
270,50ca76f6-fe21-4ebb-837d-087459d99676.wav,crema,happy
271,2210fb4e-bb5e-4a7a-b040-1de5b9e52b18.wav,crema,happy
272,9e5d35bf-044b-4b28-a0ec-8305bb6abb65.wav,crema,angry
273,0a0260ef-86b5-4ea1-8b5f-eb02f446ded1.wav,crema,sadness
274,e03f5c68-4ecd-4e4d-9e52-abe3f948f11f.wav,crema,happy
275,08defcaf-50a2-453d-aebd-209c674b288e.wav,crema,disgust
276,1cfab479-cbbd-4005-b77d-d38f3fc10f4d.wav,crema,fear
277,460c4b55-95e9-4094-bc3d-eba6784e3c93.wav,crema,fear
278,0344d5b1-206a-4adf-9f27-6490bfaf57d2.wav,crema,angry
279,bb1a888c-43e3-41fd-9676-4bd691394545.wav,crema,fear
280,67ef32a6-e741-42ac-b24a-69e85561cece.wav,crema,neutral
281,515a0467-6dd3-4ef7-a954-e288c58f0325.wav,crema,angry
282,eefa3452-831b-4bfe-bd28-0c6407d2d1c7.wav,crema,disgust
283,5dc52b65-d143-4805-9bbd-6c6dd402de0a.wav,crema,sadness
284,41536b52-ba5f-424f-9787-6190de942b8f.wav,crema,happy
285,49ef434b-50a0-4f57-9034-e667152d0b5b.wav,crema,angry
286,1c9a1563-0707-4e6e-98cc-052099f830df.wav,crema,sadness
287,9962a356-fcf1-4fb3-b999-02dc2ddbf36e.wav,crema,sadness
288,dc7657aa-0958-4297-afc1-6f9abd39d7e3.wav,crema,surprise
289,3387fc5a-7a8c-4a5a-926f-e3a99bd08ed5.wav,crema,happy
290,73afedd6-677c-40b7-b3a3-138cb53df068.wav,crema,happy
291,afc33f57-5089-4cde-9d5d-776d02ae19ec.wav,crema,neutral
292,1ffec19e-425a-4ab0-b4bb-153f259410e8.wav,crema,angry
293,71f9a6b7-e7b4-4cf0-869e-92b2e1a23c91.wav,crema,happy
294,43e490d5-4337-4f8d-bcfc-055e61eb294c.wav,crema,angry
295,a6ab79a9-5056-47b6-b6b3-c8670f874234.wav,crema,neutral
296,0ae3db49-0607-4d35-8217-a907f1b75628.wav,crema,neutral
297,31f49155-6ea3-4e67-b08b-4c7658159ed8.wav,crema,disgust
298,2958ec29-c062-4dff-9603-2fdd470c518c.wav,crema,disgust
299,80fa2113-459d-49dd-884e-5b98ef45be02.wav,crema,angry
300,d486acaa-9c5c-422c-ae73-712c57706d75.wav,crema,angry
301,f4d93b8e-f5d8-402f-a752-afb1f6457efc.wav,crema,angry
302,3dd4859c-7a7a-4d15-b0b9-a387ef838fb0.wav,crema,disgust
303,0ae4a147-94f8-4117-af24-13d57a7a2815.wav,crema,fear
304,a0bc8f37-ce72-42ec-a5d4-a55064e8f2fc.wav,crema,happy
305,4c7d1fdf-effa-4222-9dae-bf8bfc1d410e.wav,crema,fear
306,1a6ffdfd-206c-47d1-80a8-33d1e409bde3.wav,crema,happy
307,a122ec64-a4cc-4165-ba5f-d94ba68f1944.wav,crema,sadness
308,862f7967-5229-454e-9daa-718152a4ec7b.wav,crema,disgust
309,3ddbd03a-4fb6-4bad-a2c8-8a00071b1969.wav,crema,fear
310,e64cf6e4-d426-4697-8542-2d9d6e00a79a.wav,crema,disgust
311,dee4b213-5e26-4b88-9008-e7c4f75cc52c.wav,crema,happy
312,2db59fed-e596-415f-9104-130d9178e9e5.wav,crema,disgust
313,ca1096bb-ea7c-4e06-9d02-6fa30649e478.wav,crema,surprise
314,cef132c0-4c4c-4c57-81ef-874de93d1c5c.wav,crema,fear
315,f17b1ff6-886c-4d36-bd0d-3fe194c47578.wav,crema,disgust
316,622ac3ec-517b-445f-835a-76c24f6574b1.wav,crema,sadness
317,4d6f1b03-7db1-463b-b132-7188b4ee6d61.wav,crema,fear
318,2a984831-2035-403b-bfc9-7cb5f10bd7f3.wav,crema,happy
319,a0f4792a-e9a3-42bb-963f-7ab63bd9394c.wav,crema,happy
320,af246249-bf43-4edb-8226-93d30c5168ab.wav,crema,disgust
321,3f79290c-6436-49ce-9f35-4851894b8f0b.wav,crema,sadness
322,52dac66d-212c-4b6d-91d4-5fc7a85008bd.wav,crema,angry
323,ab2b8694-7bc5-45d7-b5a5-7062792822f7.wav,crema,disgust
324,43401535-e5f9-47ec-af77-aee820d529cb.wav,crema,fear
325,357e9541-1adf-464d-8815-34e2eb934450.wav,crema,fear
326,e4ea28ec-247d-43cc-b624-c1119ec90398.wav,crema,angry
327,45b3353a-c0d5-41d6-b85f-697489b5563c.wav,crema,fear
328,3f9db5ff-dc9d-44de-a8cf-c2246a262e7d.wav,crema,sadness
329,17b0b219-3153-4bfd-8caf-b93bdc27d402.wav,crema,disgust
330,8f2750a9-7481-4ee5-b1e2-1491864d0187.wav,crema,fear
331,fb6d504f-a241-40b2-b911-1b58cc1a17ae.wav,crema,happy
332,2956a4ea-1123-40f3-ac17-4d18e2e34085.wav,crema,fear
333,f8c5503b-b02c-45f1-9f60-8a31d91e813f.wav,crema,sadness
334,f653cf91-86de-4e68-9ac9-54e0de837252.wav,crema,happy
335,e837ec70-b587-4148-9cc7-73cd75fe26c4.wav,crema,surprise
336,a5b448ff-be7e-44e7-a15b-8a0670180748.wav,crema,angry
337,aa048077-539b-448a-82c5-e9bf815dc4aa.wav,crema,disgust
338,a3667146-6f1b-4b8c-b8d7-ec7b585a2f28.wav,crema,sadness
339,7ee42693-21de-422f-b0ee-b346f5c5acc0.wav,crema,sadness
340,189f657a-6e81-4c91-96b3-792aea924c49.wav,crema,fear
341,9b1ac7c5-faee-413a-aa5b-6b8771734113.wav,crema,happy
342,ac1e4b45-0c1c-4b13-9c3c-904d6c02038b.wav,crema,sadness
343,0ae3c7ed-68b5-4694-9720-361587dd904a.wav,crema,sadness
344,5d337752-2822-41da-95d6-af7d485439c3.wav,crema,disgust
345,51a8d04a-32f9-466d-838c-f2da333ef43b.wav,crema,surprise
346,aec123c2-2d25-46b9-8d1b-e6d9585a9a19.wav,crema,angry
347,422280cc-df53-4a8a-8ba0-76adcb3ddc71.wav,crema,disgust
348,c1e2571d-e93e-47a9-92ee-a70e6990bd96.wav,crema,sadness
349,079e3eb0-5779-4065-9225-1030f290d8c0.wav,crema,disgust
350,06ccbc62-e826-4ee4-920e-7bd61622f3c1.wav,crema,neutral
351,ff149962-6f7f-4cf8-b68f-7e66957a3d51.wav,crema,happy
352,741b2a66-aa9e-43f5-940f-f8676e0f541a.wav,crema,disgust
353,95e15fb4-cec9-46d4-9bef-5af7cc4080d6.wav,crema,sadness
354,25bddabb-836b-4c34-9749-9f630579e130.wav,crema,fear
355,5736961b-39d0-47c0-a23d-44d9092726cd.wav,crema,fear
356,c30a2cbd-0ced-4ac3-a86e-21e975d1f123.wav,crema,neutral
357,5d0a51ac-afaf-4590-bf86-3844ceda05ab.wav,crema,neutral
358,5e786e67-d92a-4b56-9126-b3dbbf511020.wav,crema,happy
359,a458a4f0-0500-4d65-b8ad-131e21fe528e.wav,crema,sadness
360,992e462d-7497-41fe-9c96-db7112042426.wav,crema,neutral
361,10e9b118-70ab-482e-ac13-a285c518e55a.wav,crema,neutral
362,ba2096c0-661b-4470-90f0-61a776f4cf1e.wav,crema,happy
363,e8f84ca5-50bc-417d-ac48-0340102469b6.wav,crema,sadness
364,1f8fff16-f14b-42a5-b33c-a4104c02e245.wav,crema,sadness
365,df07f30b-d134-42bf-a2d5-67d8be2e3fa8.wav,crema,disgust
366,8032c94e-c8be-4b42-b9e6-7a9acd3cbca6.wav,crema,angry
367,c5fa21c4-5754-4b5c-be69-3d7a593bd33a.wav,crema,surprise
368,545e8205-059f-4a6a-b3fd-946e2cacd491.wav,crema,angry
369,08e7aea7-6799-4be7-a23c-218c3047e618.wav,crema,neutral
370,3565764b-dc49-4ff6-b2ff-d97ec661f337.wav,crema,neutral
371,cac50d99-3db9-474e-a71d-b3ae7ab0f2db.wav,crema,disgust
372,15dc911d-ff6b-473e-a956-059fd4a50103.wav,crema,fear
373,a6935747-fe29-4680-9463-60a470d350de.wav,crema,fear
374,912ddf4c-899d-47d3-82e3-c9f4c3fe8111.wav,crema,disgust
375,1451c673-0b97-4cb8-a7aa-bd4975564b58.wav,crema,disgust
376,e8f14ae9-27e4-419d-b33b-f0ff2f0ec9e0.wav,crema,happy
377,035ea3d5-5f94-4c5c-ac4f-c7c96cdcdb5d.wav,crema,angry
378,f34665f9-8611-47aa-915e-1b13bb470d50.wav,crema,sadness
379,0543b073-f40e-411b-9daa-3b1b5ea736b6.wav,crema,neutral
380,1ecd6d68-eb33-4b06-9642-9a52a54a1303.wav,crema,sadness
381,b763e9c4-75f2-4ca4-b1b3-da36c9fc5fe6.wav,crema,angry
382,f931b979-9f58-42c8-ac11-7b5616fd3750.wav,crema,sadness
383,9308df5e-bf4e-46f4-9e90-1cdb08d4d77a.wav,crema,happy
384,5848f46a-7bc9-4f56-99ed-3044be6b3d79.wav,crema,sadness
385,230d1ea0-7f9a-4b9c-875a-3022030eb1b6.wav,crema,happy
386,93c607a7-aec1-4394-b96f-1aea35e3d6e5.wav,crema,fear
387,43944714-0f67-4375-96b3-083f3f57161d.wav,crema,neutral
388,2b4e4ff2-e8bd-41c3-a3b9-46289229b8b9.wav,crema,sadness
389,ceba8271-f744-4920-8774-43d0863009cc.wav,crema,fear
390,9a835f9b-7fd6-4fb8-b71c-9a59b5bc13e8.wav,crema,neutral
391,8414a975-1507-4f7d-b487-124ed5a8e4bd.wav,crema,disgust
392,45f0549d-5296-403b-9374-c0eb17159e14.wav,crema,happy
393,e43e8ca6-a828-4737-b303-694147d92517.wav,crema,angry
394,e22fa8b2-a30c-4d99-b2bf-1aa22e23c8d0.wav,crema,angry
395,b8a92c48-71de-4ee8-832d-16f982ca5fbb.wav,crema,disgust
396,86192533-03fb-4a49-b40b-37643dec8873.wav,crema,sadness
397,a427af12-0c25-4360-a047-d8d2538995dc.wav,crema,sadness
398,339f409e-4a54-4d31-8fa4-f8ed4f4a9341.wav,crema,sadness
399,4ddf5301-aa80-43a9-9538-2aecaef838ab.wav,crema,fear
400,ded45fd6-fd22-49a4-8c6a-eb3fd181b0ae.wav,crema,happy
401,be823983-12c1-46cc-ba3c-b001f3795945.wav,crema,happy
402,74bf06ed-8a77-4629-b0c7-9be8616b4b9a.wav,crema,surprise
403,ef6fb144-968a-4ef9-abb4-b78b1a0ac34f.wav,crema,fear
404,2f26453c-e778-4c54-b486-d148d9b73e32.wav,crema,angry
405,ef35d46f-d536-4222-a1fc-02a98f2126df.wav,crema,fear
406,e6fa2d7c-5c4d-4154-b8cd-e16ec52ec220.wav,crema,sadness
407,c6ec8208-0ccb-4d5c-8328-a810f087b21d.wav,crema,disgust
408,5608e7d0-81da-487d-99dd-045a05b1cc97.wav,crema,neutral
409,dbf445a5-fd2c-47b1-bc38-4b009c7645f0.wav,crema,neutral
410,a7cf0f3c-414a-40b5-8211-fb00f796ab64.wav,crema,happy
411,83b5f402-4679-4860-a7ae-232404e6f3dc.wav,crema,neutral
412,8a583fb9-fb8f-4812-9dc1-0944d88890be.wav,crema,fear
413,1254fd39-e16b-4530-87dc-44b397ecd4f6.wav,crema,sadness
414,5f0fde52-81e7-430a-8441-f954e2966ab6.wav,crema,neutral
415,aa835821-d008-4005-80e5-83d979959375.wav,crema,happy
416,33f66d28-1972-428e-b478-d598dddbb306.wav,crema,sadness
417,e0e7edbc-a696-4020-a5e8-ee187cbf5b60.wav,crema,angry
418,3ffde464-cae4-4060-a887-a4b5baca9474.wav,crema,sadness
419,42bd42a1-9771-4f26-b468-a34cafdb1a8c.wav,crema,disgust
420,9fd0a9c7-adef-4957-b0e2-e9697a301053.wav,crema,angry
421,c6a8215b-b10f-45d2-aa6b-a5a68f4322ed.wav,crema,fear
422,7e8d0e51-2629-449d-9754-dd6e4d2d76ee.wav,crema,angry
423,d859db96-4436-4775-ae02-3c06f3df1298.wav,crema,disgust
424,618b790d-7188-4bb7-b9a3-9d66affbae0a.wav,crema,angry
425,fa1037cd-bf60-44d6-8fda-640977adeab3.wav,crema,angry
426,433d1517-2618-4ec5-a35a-27df0465b1eb.wav,crema,fear
427,51dceb77-c852-4ba2-a32d-c00e72ca562d.wav,crema,angry
428,c2ffbffd-b8ec-4f3d-9a6e-96974ce65476.wav,crema,disgust
429,428aba9d-13c7-4150-b7b8-7d0157fc3f4b.wav,crema,angry
430,5252cf3c-906a-4878-8ba5-fed5652083e8.wav,crema,neutral
431,697a137a-11b4-41eb-98eb-d91c6143061a.wav,crema,sadness
432,9877983e-fd86-4100-b1e3-08d04cf533c4.wav,crema,sadness
433,b7202182-1c7e-4a7d-912d-28637d2beff1.wav,crema,angry
434,5e330711-0576-4d0a-b27a-c2417cdc48d0.wav,crema,angry
435,ccd1946e-21a6-4dff-840e-64d8b7587733.wav,crema,neutral
436,a8f706b7-ba11-4d08-b329-e7528231bbf8.wav,crema,disgust
437,64a3fef8-f35b-4b16-b8b1-902998f6114c.wav,crema,disgust
438,8b147571-b1c2-4687-8d7a-6cc77a6511ec.wav,crema,disgust
439,82b72f20-6251-4863-9bc0-b49c29e71044.wav,crema,disgust
440,3a5c90f4-8b7d-4de4-a703-9a6b0eb97cca.wav,crema,sadness
441,226e1f99-5f74-4eae-ad4f-ad73a4e26f80.wav,crema,angry
442,b02aa9ec-00d1-480e-9c20-aeb7b90f0524.wav,crema,fear
443,3b48f4c8-5945-44e1-8361-f2527b23b2b2.wav,crema,sadness
444,22aaefaa-f689-48b0-8271-a727a42c8bda.wav,crema,happy
445,66dacc5c-5f04-400d-a8ba-f78b4a912a52.wav,crema,disgust
446,7a1b1336-c592-4a5e-9c7d-6d066848ec16.wav,crema,fear
447,5ac4952d-8ac6-4a2f-ab5c-c001728d11de.wav,crema,neutral
448,baebe558-2608-49ff-8b3e-0fab59bbd297.wav,crema,happy
449,03f87103-f176-4596-98a1-3255c5ea226c.wav,crema,angry
450,e5c7f3a2-d40a-4e8e-b1f9-06535f061957.wav,crema,neutral
451,ab650e99-c755-4f2b-be41-1fec4081f8dd.wav,crema,happy
452,c83eac28-810d-49db-97fc-151ba8a1aa70.wav,crema,angry
453,a3cdcfa5-e481-4a05-a4bf-93c50943bf10.wav,crema,disgust
454,914b336d-97d1-447a-bdad-e7bda2cf6465.wav,crema,disgust
455,133c7707-bfd9-47f8-a4d0-983287ba3613.wav,crema,fear
456,93faba74-54b4-4610-b9dc-633a580f1fc4.wav,crema,disgust
457,c306955d-daf1-476d-a0c5-f56ffb093fd1.wav,crema,angry
458,83d261a6-a88b-4017-b27d-aded6e988f06.wav,crema,disgust
459,bf89facd-dc7b-4a31-be99-bdcd1fe9637a.wav,crema,sadness
460,105a40b9-acb6-404b-939e-49df54da639c.wav,crema,happy
461,ca428fcd-34ea-4a76-b42e-697bc5cb8e46.wav,crema,sadness
462,fe22bf1d-f6ba-40e7-bdd1-82e0dbf4e1be.wav,crema,neutral
463,9260b01d-9537-4eb9-9844-a175432524e0.wav,crema,disgust
464,00a47708-2b1f-47c5-b18b-501b687ef859.wav,crema,fear
465,bdc2911e-373c-48e2-bc25-8b1696818147.wav,crema,angry
466,93ba710c-98c0-4492-94d8-9254bfa523bf.wav,crema,sadness
467,08b197f7-2734-406c-9b51-5f5cd4f09bce.wav,crema,happy
468,4236cb89-349e-4c7b-9559-f13b7c95cfcb.wav,crema,angry
469,2106070e-3e4e-438b-ba07-3246a44983af.wav,crema,neutral
470,49aeb660-6b22-4638-a616-75baab184211.wav,crema,sadness
471,642a8438-af5d-4b9a-8e0a-c0d017afc132.wav,crema,happy
472,55c844cd-2a1d-4fed-b3d6-88f83f18a22b.wav,crema,neutral
473,e2c2dd5e-3b93-4038-bc2b-df7c3c68d44d.wav,crema,neutral
474,f829c117-6708-41e7-a687-9a6a7af61136.wav,crema,neutral
475,01139557-6488-4169-a43c-09d2598cfc55.wav,crema,angry
476,2b16af0c-2253-42d4-b021-c0840b73217f.wav,crema,disgust
477,9ceb846e-51d8-483f-b43f-ab03ec514529.wav,crema,disgust
478,184f7996-0461-46a8-a8cf-cfb2fde08d01.wav,crema,disgust
479,94c8b172-dd40-4742-a9c1-74d95f87f5ff.wav,crema,disgust
480,07e012b2-b27d-4e0b-8113-95b680ef2ec7.wav,crema,happy
481,780a6aca-d9f9-4060-83db-5b8894405d1a.wav,crema,happy
482,f68c7aaa-da4a-4284-8dd4-5bc0162fd645.wav,crema,neutral
483,13be1d6e-9016-4e7d-8c8d-524c4efbba5e.wav,crema,angry
484,a34aeef6-0441-41c4-9d1a-7ad44638ffd1.wav,crema,angry
485,f1897fde-6bed-4e75-991f-593ad786a7fa.wav,crema,sadness
486,29ce7282-0867-4e6a-bcfe-ebb0c798f77e.wav,crema,angry
487,c5e0d064-ab63-4576-9045-e7e3b117c2f5.wav,crema,fear
488,4fe1b6e2-d327-4a54-99bc-7b20ecba1723.wav,crema,happy
489,67acddcf-6bbf-4441-b722-33624cb50c30.wav,crema,angry
490,fc993429-c8a2-4f5f-8226-0e9b32b76420.wav,crema,sadness
491,34352de7-989d-40b4-9423-143e30f827ee.wav,crema,disgust
492,d49756d4-9442-4678-af03-ebe827dbb74a.wav,crema,disgust
493,cd794f98-dd9a-41f6-bb14-960eca0973d2.wav,crema,happy
494,031c8770-8321-4634-9913-4cfeb5dcfe48.wav,crema,happy
495,197cdbb0-62ce-4039-903f-c1a7e9d0e325.wav,crema,sadness
496,fa94e456-54d3-4bf3-8894-c41bca9b3605.wav,crema,fear
497,08d38a02-f2e8-4c59-b5d1-d779d497d386.wav,crema,disgust
498,f5f7efa6-a408-4c06-a468-561ada579859.wav,crema,sadness
499,b1120db9-e948-45fd-a2e8-d079f66bc8b6.wav,crema,neutral
500,434fe99e-54d2-4050-ade4-b443cd0baf0f.wav,crema,neutral
501,4db8fff7-8ac3-4890-9e10-e728509ac2a1.wav,crema,sadness
502,211390ba-60b7-473c-b938-87ab02f09a86.wav,crema,angry
503,8be1715c-9585-4fde-862d-b91fb765e14b.wav,crema,happy
504,2e3a18ee-bb23-494e-8ac4-6d7bd80b1a16.wav,crema,surprise
505,aff00337-bdc7-4f6a-9823-fba5d21ea57e.wav,crema,happy
506,463cada3-efb6-4fcc-82eb-3139076c4ccd.wav,crema,disgust
507,a82ad97b-baff-4f81-ae00-504d361ce1b0.wav,crema,angry
508,b902b8ba-ee52-4eda-b9ef-868fdbb032f8.wav,crema,neutral
509,7a47cf21-f975-4b70-81d4-6fd6779793d0.wav,crema,neutral
510,30fe331b-807f-4fd6-b741-4ad88849ab78.wav,crema,neutral
511,f5a47638-f120-41c4-837c-56f68f9f9837.wav,crema,sadness
512,e649cba9-7700-49b0-bddc-515325deaf39.wav,crema,disgust
513,1ef85498-7de5-48f2-bc49-a922c1da62db.wav,crema,angry
514,5c0d8f26-60f1-4be1-8c47-4b5f193a060f.wav,crema,happy
515,822a5e83-e7d4-488d-866d-e7c1df7ee949.wav,crema,fear
516,301852db-7280-49ac-a6b8-cf8f485e9b37.wav,crema,happy
517,9869fc06-4005-4fd9-a875-54b5edf09114.wav,crema,neutral
518,c5dec0fe-7509-44b1-8e4e-c123df40674d.wav,crema,happy
519,9dca53d2-00e7-40f8-ba6f-978b71988d90.wav,crema,sadness
520,542cd37a-6dc1-4890-a916-2f6959be7dc9.wav,crema,disgust
521,e52f1404-d478-4bb8-b816-3f424f47472a.wav,crema,disgust
522,8a8ffc7b-9e1a-442a-8933-724cd92835f2.wav,crema,happy
523,4bbe7351-acfd-4f24-bf57-a88cfa156743.wav,crema,angry
524,7d813b0b-eb4e-44c2-b373-a13082063e0d.wav,crema,sadness
525,0bd667f9-d7a3-4ac5-99a1-27d011b23864.wav,crema,neutral
526,b9ea5890-3fb4-4cfb-a2d5-eaaf20a9b3ea.wav,crema,angry
527,307c197e-f2fa-444c-b35d-8c3aba84de23.wav,crema,disgust
528,321290dd-d13e-40a6-956c-7e759ceba1bf.wav,crema,neutral
529,52b0347f-625a-4df1-a4e9-914819d0b265.wav,crema,fear
530,99e814a4-0367-46c1-9dbb-fccb707c594c.wav,crema,neutral
531,03f1223f-3e6d-4670-b369-96e60cb84e45.wav,crema,angry
532,d181c477-5271-44f1-a7b9-a0f052ed3916.wav,crema,sadness
533,6dbb4840-9394-415f-8504-93346d1d1f10.wav,crema,sadness
534,e4326598-8b3b-4a32-9ea1-2fa5feda689f.wav,crema,fear
535,b304dfdd-d006-4edd-89a8-1f5f829fc7ae.wav,crema,neutral
536,4f166028-d927-4c25-bd95-3457342c228e.wav,crema,happy
537,c72c7cd4-0fb7-4232-a5a5-39f4b0357aee.wav,crema,neutral
538,1a3e7b15-c38e-41d0-b246-9d1e562a4b02.wav,crema,angry
539,b4aacf87-3467-4497-95a7-4e85899802f0.wav,crema,happy
540,9e04a2ae-d0f2-4df7-9225-efbd906cf80f.wav,crema,disgust
541,4c2315d4-7738-4972-844a-c7a899bcfe67.wav,crema,fear
542,e6d8ce6a-7de6-4a85-a9f9-527c212de60d.wav,crema,sadness
543,e16cd937-5bea-4492-a361-fbb812005872.wav,crema,angry
544,a989542e-4ded-4400-97d1-0fcc92371232.wav,crema,disgust
545,dc9342cc-5463-4e66-a492-c240d48b94d7.wav,crema,angry
546,0c49913f-32e5-4aae-bbee-2ea7d9a9233a.wav,crema,sadness
547,ca2a829f-6719-4d26-9813-3f2d9960d4c1.wav,crema,angry
548,e1d1ae7e-6348-4a3d-9d83-2f1ef0c224ef.wav,crema,angry
549,074c3736-130a-4066-8e9e-37748a1c97cf.wav,crema,happy
550,0f06ac9c-7e82-4fbd-9e46-58ad4b2a77a3.wav,crema,sadness
551,726a1222-adb3-4c63-889d-9836a42a3800.wav,crema,disgust
552,792fc3d3-914d-487a-82c5-35ecb5b696eb.wav,crema,disgust
553,e6b37b43-b618-42f9-a088-b1b795519b97.wav,crema,sadness
554,e662256f-83ff-4041-959b-6b900a38ed95.wav,crema,neutral
555,ef92eeb7-29ca-4e95-9af8-b1731e2c5263.wav,crema,fear
556,2df98cb4-b4c9-4c34-9c23-878584aba58f.wav,crema,fear
557,26354c65-3452-45ff-b3fd-9ede28478199.wav,crema,happy
558,f970cd6b-1b15-4c02-a522-1c414a213dcb.wav,crema,neutral
559,99487b59-8729-44fe-9ced-def9ae9cbb51.wav,crema,fear
560,d24a86aa-1ba3-48bd-af5c-d85402cb15ce.wav,crema,sadness
561,2f2969c0-595b-4486-ac05-ca12d4e050f4.wav,crema,disgust
562,97bbdf84-fd20-44da-ba95-9a668db9d40d.wav,crema,angry
563,3e31e70f-e946-4847-87ab-8e34eee11181.wav,crema,surprise
564,823ca09a-648d-46ee-bfd7-069a35baeb92.wav,crema,neutral
565,360a9258-7854-4652-bcce-d45eef77bb3d.wav,crema,happy
566,58159c75-6738-43bd-b14f-8f08071d2be5.wav,crema,angry
567,e93ecb2a-69b7-4b02-90f7-681018e2bc12.wav,crema,sadness
568,43d9e8c7-72ed-44dc-b88d-d07629701d5e.wav,crema,sadness
569,1909443c-cb16-42d2-9f08-8f082ffa5e46.wav,crema,fear
570,53882ca7-2bc3-4fa3-aacc-2a047badd8ed.wav,crema,happy
571,d0cce707-77b8-4368-b3ef-5d1ad3d98297.wav,crema,neutral
572,f940fbd8-a1ff-477c-a8bd-7a3951f006f9.wav,crema,neutral
573,9d7e156c-e45b-437b-9e1f-982f95dfff5c.wav,crema,neutral
574,c454c12f-f979-49f5-b8be-b115057b3f4d.wav,crema,neutral
575,a8e59d1c-efad-458b-8b9f-638b31aeb14e.wav,crema,angry
576,b8b09d2f-4ea0-438d-96f8-56e253d61792.wav,crema,neutral
577,1e36f627-c005-4718-8313-7909a32c9cee.wav,crema,disgust
578,808932df-f877-467f-99b5-10c864cc4b44.wav,crema,disgust
579,057c0c85-8364-4ff1-88f2-3775667a0a8a.wav,crema,disgust
580,341d6ebb-4b79-489c-b1ef-bccd4782ec07.wav,crema,happy
581,b84d386e-8edd-4bf6-bcf1-d6360ba8e29e.wav,crema,fear
582,1374f3c6-1545-4e5e-b7de-bc606ca2d728.wav,crema,disgust
583,119f7211-ce08-4488-b7c6-45f33e5abff2.wav,crema,fear
584,9f8b4341-d4be-485e-b8f2-e525fe6b125c.wav,crema,happy
585,08459fff-7abf-4ba3-9c73-76b0617d55c5.wav,crema,angry
586,61dc6b54-ee4d-4374-976b-9892a3642abe.wav,crema,happy
587,c307d63d-5d0e-4982-8ea0-4273ade3c390.wav,crema,angry
588,65782cbb-001b-47b6-9c44-ba6a8c567de0.wav,crema,happy
589,f7915d4b-f953-4146-b81a-f87460220e2b.wav,crema,happy
590,e11c2218-c738-432e-b8e6-13137707330d.wav,crema,happy
591,30901f71-173b-46fb-a2a7-09f9038e3f09.wav,crema,happy
592,61a02852-dcd6-4d18-a074-099bbb7ce74b.wav,crema,happy
593,915095ce-1328-40f8-9cf9-7270baaca15b.wav,crema,happy
594,e86a3aa3-6a2d-4415-808f-f63e807fb387.wav,crema,surprise
595,4d1d4c29-1a12-4287-8621-e0e8eaf1c3bd.wav,crema,happy
596,3de91bcb-e2ea-4085-a9db-1347621aad81.wav,crema,disgust
597,9ff246ff-ef07-4f07-a816-ffae4f0c345d.wav,crema,angry
598,6f7afa4b-7af1-4fd4-b1e1-dc1a374bcc30.wav,crema,disgust
599,74817e42-4b64-41c6-b5a2-eacc536d54f6.wav,crema,neutral
600,7a2405fa-875a-4580-813a-608023d25705.wav,crema,happy
601,4d2b51f1-b241-4b28-9b97-632512bafe38.wav,crema,neutral
602,363b119f-01d6-49ed-8f0e-f42373289c04.wav,crema,disgust
603,02b8bb5a-540e-425a-9320-08cf39be48c9.wav,crema,happy
604,12db8673-bb69-415c-805c-3fe95c3a0bd7.wav,crema,happy
605,bf3ad3a6-1a9f-45d8-84b1-fc5be7979afe.wav,crema,happy
606,857559e3-c36f-43fe-8d8f-0e65b89b0667.wav,crema,disgust
607,433e8798-20ad-44ae-9445-3ca098f16549.wav,crema,happy
608,2f32a0d5-3f4f-488a-9c67-0a9c0cfc6ef5.wav,crema,neutral
609,8f43a1d3-5c30-4f90-91ad-363671b7f7e4.wav,crema,fear
610,a142afee-e1de-4acb-b3f8-e44611341e0b.wav,crema,neutral
611,f48871be-eb0e-4701-ba2c-fba87b6eceb9.wav,crema,neutral
612,4365aaf7-8aad-4811-94c7-d354a5467eae.wav,crema,disgust
613,46b6661a-fb73-4b88-9814-92933becb1f7.wav,crema,fear
614,73ff0d35-57e1-4283-aa7c-be47fccf6b83.wav,crema,fear
615,05184148-382f-4a09-9785-82990e921390.wav,crema,disgust
616,df70193b-85da-41af-9c05-985208f16fe3.wav,crema,happy
617,84c89ea7-3d42-45da-90f4-90ceec3f64d8.wav,crema,angry
618,f8549545-52a2-4e7c-aab9-0a8e6ffbaf8e.wav,crema,angry
619,9fa8e2ac-fc72-43fe-a661-5376cc810419.wav,crema,neutral
620,094344c8-cca8-40bd-b6a9-6fe4220ce0cb.wav,crema,happy
621,f7104d59-1fd5-4d1a-bd5d-96db70b51774.wav,crema,fear
622,645fb895-8839-4839-9da4-4d3129cc0343.wav,crema,disgust
623,3d57678b-aaf3-485d-84d6-3eab4cac93cb.wav,crema,angry
624,572a127e-cefb-4229-bb56-43ca1a09e9f7.wav,crema,happy
625,36cb39e7-d246-4fed-a395-c130fee8ed67.wav,crema,angry
626,c9545ad7-ada8-4409-ade5-97a6430e4dc9.wav,crema,disgust
627,a9bf04ee-bbba-433d-8ce3-6decf396a30b.wav,crema,angry
628,5e64b424-40a8-4316-8e20-41a0f9a3bd99.wav,crema,fear
629,39ef7e57-dbdd-40db-9bf2-0ea49bfd14e7.wav,crema,disgust
630,14c71747-5b3a-4428-a440-f00f09c7477c.wav,crema,neutral
631,52845e57-3a0c-491a-ae45-60fe0a5545c1.wav,crema,happy
632,f8c3b093-d340-4531-b19a-fdc130cf150e.wav,crema,sadness
633,57ed6a50-09fd-4502-8d29-53d09b015ed3.wav,crema,fear
634,1cec5076-3650-48d6-b57f-917e68041702.wav,crema,happy
635,37a97454-8622-4be4-bc65-e16890f7802b.wav,crema,fear
636,9d0809d6-12c0-45ec-8a7f-e21d1d4a1a55.wav,crema,angry
637,9b1d4bc3-769d-4df0-9dbb-b4561de0fb12.wav,crema,happy
638,2c4949ef-56bd-47b8-a67c-24f09e494885.wav,crema,sadness
639,ce1544e9-bd8e-4542-97d4-0ce5b0a62d82.wav,crema,happy
640,8cd19a12-9204-4af2-9b59-679b089ba6fa.wav,crema,happy
641,df06b96a-00d9-4cd0-a61c-1a1b8fcfc14c.wav,crema,happy
642,c91ff693-ab62-4672-a5cf-da7f0537ef13.wav,crema,fear
643,95d8355b-7140-44d9-8be1-52eaa0f4a066.wav,crema,sadness
644,7fd83efa-e5e5-4bfc-8286-f179812b1af9.wav,crema,angry
645,67c99de4-4ac0-49ec-b899-f2cbdd79252e.wav,crema,sadness
646,38cdeac3-11a2-42de-9c7b-06a18c408c65.wav,crema,sadness
647,060ed29b-3768-456a-883c-d6448bf713d2.wav,crema,disgust
648,c581595a-dce2-449c-9fd0-0dca495a37c3.wav,crema,happy
649,fb94fb49-c01a-42fe-ae34-3e965c5a134d.wav,crema,angry
650,3ad82b42-aeab-413a-b832-f4e61edce899.wav,crema,angry
651,ec13b663-e8f2-45fb-b1fe-c7fe4fbb8350.wav,crema,happy
652,3b1ebc22-abca-4c2a-859f-151fbcaec2b9.wav,crema,fear
653,774da849-8eb3-45e7-bfda-daa038f3d9fe.wav,crema,neutral
654,bbad6635-0ebb-4888-bba5-42f8f6b8f573.wav,crema,angry
655,b7fb6617-5f01-4efc-805f-4485ab870adf.wav,crema,sadness
656,9cc5a953-0c9b-4c4d-af8b-f5cd80759ceb.wav,crema,neutral
657,67e6f0a3-3c56-480e-8850-36b3d0aa5732.wav,crema,fear
658,f454e8a2-d26c-4276-b18e-a422cfb199f6.wav,crema,sadness
659,f96cf6f9-6c5e-449b-83bc-cdee94bf2e97.wav,crema,happy
660,85fb9ed6-f488-461c-8dd9-71f93ac892e0.wav,crema,happy
661,ce18a81a-3df2-4981-858d-3c4b018650e4.wav,crema,disgust
662,aa9cb030-a7ef-471a-9576-9c5e61f6fa3d.wav,crema,happy
663,1581457a-20e4-4f6d-b35c-e11487bf5dd6.wav,crema,disgust
664,776c996f-f407-41ea-9435-b0d12fec01fe.wav,crema,fear
665,b0eec5fa-7425-4d1a-9501-b2cb0ec4612a.wav,crema,disgust
666,514742e3-9a48-4f4c-bc78-6f686876292b.wav,crema,angry
667,dc32ab8d-792e-4047-a494-0e4ea4eff7c1.wav,crema,happy
668,74dd1621-12f4-423a-84b9-95ab36dc20f4.wav,crema,angry
669,1e11739a-0739-410b-9049-647b49e900c4.wav,crema,happy
670,3bf9284a-3871-46da-b970-18dd0243ad26.wav,crema,sadness
671,13200986-2ce8-4386-a6b1-d4dd778f4d02.wav,crema,fear
672,b491dcc9-e87a-4e1f-8074-b71c0e62b52f.wav,crema,sadness
673,37234fbd-8e13-4231-8917-08a165daee52.wav,crema,happy
674,1bfeb5fd-e755-44d7-9d16-7f1fbb21f45c.wav,crema,disgust
675,e68bcdc7-4390-4c46-9688-eda39795fb69.wav,crema,disgust
676,d8465725-badd-465d-a9aa-a960740a128e.wav,crema,fear
677,7bfea6a5-5523-4790-94a7-c8e267adb2db.wav,crema,sadness
678,a429d05c-aa61-4a0f-8907-0b96a65a51c9.wav,crema,fear
679,63939f01-8618-4aa8-883b-d0f177a9a34d.wav,crema,neutral
680,d4d73306-df92-41c4-abd1-1297ffbf99f2.wav,crema,fear
681,29cf2e13-b7db-4565-bbb9-6214598d8c55.wav,crema,fear
682,ede70753-de2d-43a9-8efc-2cc3370bcd71.wav,crema,neutral
683,6f40159e-580e-42be-8d60-15e98d49a9cc.wav,crema,sadness
684,89334110-be82-4270-b20f-22499df542d7.wav,crema,happy
685,9151b4a2-9271-4d0a-894c-1504becaf7ab.wav,crema,angry
686,0158782f-3a75-4ac8-9163-d560f4cbf7a7.wav,crema,happy
687,a6f43193-bde5-4368-892a-b52d524e497c.wav,crema,sadness
688,7e7e936b-b2e7-4e40-81ac-e3c4db25689b.wav,crema,fear
689,2385d0b1-bb67-4cd1-a3b9-2703623a6343.wav,crema,happy
690,8260bbc4-b5ab-43ce-95a7-97e9c3a57d89.wav,crema,fear
691,32ef7cce-0a4a-4c76-921d-4b6269dc102e.wav,crema,fear
692,b1749458-35c2-4717-9ea5-0cc722edba91.wav,crema,angry
693,46ed21b1-a041-46f7-807e-16a5af68fa7e.wav,crema,angry
694,b2c26050-d66e-47e4-88ef-dba82825671b.wav,crema,fear
695,4df25452-c177-47a8-b960-e11355a906cb.wav,crema,happy
696,7bc38671-ad81-4401-8dc2-c3e7ccc7584b.wav,crema,sadness
697,68fa557d-5e9d-4264-aeb9-47d7e3b3581c.wav,crema,happy
698,d2a20c33-37ec-498c-825e-ade3ba57080b.wav,crema,sadness
699,81dc17c9-107d-47c1-89cb-4d9d7ea07298.wav,crema,sadness
700,42e8b0bf-eef1-4c13-829e-dc5225487c58.wav,crema,happy
701,1d99af0d-0aec-44d7-a536-0bfee48661e5.wav,crema,happy
702,117c100e-2ce4-4df2-9692-227fb5a41bb4.wav,crema,happy
703,d923f410-94b3-4950-a2df-4079edf4a541.wav,crema,disgust
704,9e2a7924-830a-4e0c-b78a-0ce1709dea4d.wav,crema,sadness
705,8438515c-ee7f-4da9-9ee1-6cb98dddb0ac.wav,crema,happy
706,2721a011-464e-42a5-a285-8fd199be9bf5.wav,crema,sadness
707,629625a9-1c17-4511-afaf-d6dc8023c80c.wav,crema,angry
708,7b4de8ad-d8f1-4db6-8c12-795d9c60d584.wav,crema,sadness
709,c9a036e0-c3e9-4d00-abd6-b2da79f078b5.wav,crema,angry
710,21c22db5-a2f1-4865-b157-ef6c76b4daf7.wav,crema,sadness
711,ecbd5a2a-518a-4e35-a829-021927a20cfb.wav,crema,sadness
712,545d1adf-1aff-4f32-8622-7918547a9998.wav,crema,happy
713,56f0b3ab-475c-4b7b-ad8e-42a70bf769ba.wav,crema,disgust
714,166e69fa-3ae7-47b7-b957-90a919cb2f32.wav,crema,angry
715,d35a1659-d890-4657-a769-046b02f5e782.wav,crema,angry
716,85868a9f-5f3c-4015-9ff6-d72dafd49c65.wav,crema,sadness
717,903b412a-cbce-4d88-ada4-1ab4b0ec8c93.wav,crema,disgust
718,fb888672-6379-4e72-8f63-57764b9224b8.wav,crema,sadness
719,ffcd85ed-360f-4de9-9b15-4543354cbb7f.wav,crema,sadness
720,fa53fe26-6955-48a3-bc4c-45e7bcff3c34.wav,crema,happy
721,882aa08f-d158-47fd-8c88-fe7396c03c07.wav,crema,neutral
722,fe994843-356b-4c7b-ad91-2ec3e43ade5b.wav,crema,disgust
723,f043965f-140d-4c63-86b4-e16f4edec2e5.wav,crema,happy
724,835b8209-5a50-4d0d-b86f-1cda07b96317.wav,crema,disgust
725,aa0a795b-0e85-4179-beeb-dc19b0ca7178.wav,crema,happy
726,a4f73886-2a4d-48af-a184-b64b6b06754f.wav,crema,angry
727,f4825714-603d-4ae8-a190-365a97b3a3e8.wav,crema,happy
728,68173ec2-8ff7-4fc4-b8a0-aa9eff379157.wav,crema,sadness
729,b1d46843-707c-40e0-889a-808c44292abe.wav,crema,angry
730,37c54d25-22d3-4dec-820a-34cfb22a063c.wav,crema,happy
731,1de40ae2-d5f3-4fa1-9d6a-f6eb59402f0e.wav,crema,neutral
732,59e5b02e-0eb6-40c7-87fa-10d31e395cf6.wav,crema,angry
733,3a9e24ba-5049-4955-adda-307e34002d0d.wav,crema,angry
734,7c86dfe3-626a-4725-995d-2b660fd81290.wav,crema,angry
735,0c9b66df-7741-4911-888b-0fbd1f9bf25b.wav,crema,neutral
736,eb8fbd25-4e5a-461b-a7fb-3d67b7a32a17.wav,crema,happy
737,5fde5da0-229c-4f53-a1eb-55509d02e494.wav,crema,angry
738,a0a8de1c-908a-4f5a-b9cc-9d4664926909.wav,crema,angry
739,8dc8e2b6-60c4-4435-8cdd-bebdf022fc2e.wav,crema,fear
740,0725ba71-1af3-4d3e-a564-44b3f7fd242a.wav,crema,fear
741,f1ba0687-ba69-499e-84d6-c69b0fcfe2d8.wav,crema,disgust
742,baa0715a-3b99-4835-b8f5-1ccf9873ddff.wav,crema,fear
743,b166637b-5906-4459-a891-a50bcded1234.wav,crema,angry
744,1825e7cd-eb86-49d7-8838-666744d81879.wav,crema,sadness
745,e573d2a9-a054-47d2-99e6-28d76fc2b7e5.wav,crema,angry
746,a0c671ae-8c3b-4a42-ae60-be51492c7b21.wav,crema,sadness
747,0b091cec-6ab6-4fb6-9907-52a24b306971.wav,crema,sadness
748,c4f26f7b-c6ca-4c80-83b8-076bfb34a168.wav,crema,angry
749,e29fd42e-238b-48e9-aa25-d1e7ba080703.wav,crema,neutral
750,8eed25d9-c63d-4d5b-8986-9a32c5298ef2.wav,crema,surprise
751,835ac8a5-e53b-46b6-be58-285a923f8000.wav,crema,angry
752,8a738d77-e5fc-4b87-90c8-b56a0ef49fca.wav,crema,fear
753,7ff59d19-09ed-4e4b-bc99-903a9157bf20.wav,crema,fear
754,918e4045-e598-43b1-886d-3df7e003f9a3.wav,crema,happy
755,1fb0b262-8084-48e3-b614-4bb4184d8fc8.wav,crema,neutral
756,8163a5da-ae02-48cf-bb5c-08a26ae8e7ac.wav,crema,angry
757,c2136964-b899-4f56-8806-be9362d63035.wav,crema,disgust
758,3c72c721-81ba-48e5-8d02-a0a96b50287f.wav,crema,fear
759,3ffddbe9-bd0e-4e0d-82c5-83d8923cb49b.wav,crema,disgust
760,3dc47760-1633-4779-973c-c7e576b18528.wav,crema,disgust
761,6c80905b-c5bf-4a6e-b6ed-afe952fdef16.wav,crema,sadness
762,b58a369d-b77b-4b87-b155-7a3a50cd14e6.wav,crema,neutral
763,b6d7469d-0889-47ff-84c5-9c3c375aef86.wav,crema,sadness
764,72358f07-b2c6-491b-be08-0d4b23114ed6.wav,crema,disgust
765,ad8ef984-56f3-4482-bc05-82f5778ccf28.wav,crema,happy
766,5b4f2890-8144-4ece-b418-e4052b21141b.wav,crema,angry
767,4f14280d-f7a4-4f7d-901f-45e0d4f5752d.wav,crema,happy
768,d9c37634-2080-4a2d-973b-1735627db320.wav,crema,angry
769,61192274-5bde-41d4-b9cb-d167be1d8603.wav,crema,neutral
770,fb90c90f-b9f0-45d1-a3e1-e6e162c1bcf9.wav,crema,angry
771,69872ac0-7a1b-492f-9472-71d34801db23.wav,crema,fear
772,a1bbf914-1a13-45b6-9f2f-6da462af05c1.wav,crema,disgust
773,6c14b1c6-7409-48d8-b859-038f146f4343.wav,crema,happy
774,861e5268-c9bb-498c-8736-22b2fdaadeff.wav,crema,happy
775,b87e3a0e-cc5b-492d-ac97-5a58ce831e9b.wav,crema,disgust
776,d984af4c-a330-46a7-9aa0-b5841b3ef09a.wav,crema,disgust
777,ec773e4d-a2d4-41b4-a2be-f3d5a68dcc9d.wav,crema,neutral
778,657f60dd-5bef-4dbb-a90e-8409e79c198b.wav,crema,disgust
779,b332d62a-be00-4fd1-9ab5-9a3f3f602697.wav,crema,disgust
780,451bb737-418f-4373-83eb-ac7f363af6b1.wav,crema,fear
781,35cd8c42-d248-4275-84ed-96e323464ac8.wav,crema,disgust
782,b935da1d-43f0-459f-9ccd-52f27aae1079.wav,crema,neutral
783,5e425f74-ceba-4c33-b4f1-bd1f3a746046.wav,crema,fear
784,c06ca698-78e1-4014-9135-8f7ad6524f2b.wav,crema,angry
785,2f9b73e4-e4ab-4937-8bb1-89b2d1faf8b8.wav,crema,disgust
786,e0246208-9996-4a17-ba3c-2a990c2885f8.wav,crema,angry
787,48efff12-e629-4a90-bd5e-1710f1f94b5a.wav,crema,neutral
788,3297c833-e70e-46f7-bca6-ae200b269231.wav,crema,fear
789,d46d08a6-7fdd-4a11-9be2-5e8745c2ce12.wav,crema,happy
790,9c5127ee-b75d-4a8b-99bb-89e38f8ef547.wav,crema,happy
791,041678ac-6f20-4103-99f4-e11bac0dfa38.wav,crema,sadness
792,bfeddc41-e60d-44e7-825e-f7315978fa57.wav,crema,fear
793,9bb3e746-c07c-4186-aba2-0dd185bc7180.wav,crema,sadness
794,4c2af9d9-d31e-482c-a32d-f6be6c0220c4.wav,crema,sadness
795,170df7e7-af4c-4a6f-87e7-44870a25b834.wav,crema,neutral
796,99af3c7e-2b65-4286-a1cf-22b5628f7d1f.wav,crema,happy
797,758c74d4-fc36-4fbe-b2ce-ea4edfa78073.wav,crema,angry
798,c6853120-c753-4adc-ad9b-54c38d09b43a.wav,crema,angry
799,ae807ecd-c69d-4896-b2a9-fe56bb26d033.wav,crema,disgust
800,a0ecd026-24ca-4f21-b4fc-98e6cfd9a2b7.wav,crema,disgust
801,9c4d0cf7-5c27-4ea2-86b3-b18da8538402.wav,crema,happy
802,b4b8af2b-4fd0-4bcc-a17d-1e5f4be2416c.wav,crema,happy
803,659a0ef9-e662-4028-8f31-b75821401347.wav,crema,sadness
804,5a4bd038-b297-442e-9047-4d6e3ba4f471.wav,crema,sadness
805,6242d56b-091b-4edc-8f55-e277a7ce39e7.wav,crema,angry
806,b8be516a-153a-416a-99d2-1582254d66db.wav,crema,neutral
807,c31b3c54-62b7-41c1-ba7e-6c68326fda29.wav,crema,neutral
808,add17602-e4f1-4778-b3b0-e1d60e296aff.wav,crema,fear
809,952eda90-9483-45de-972f-c0666e341428.wav,crema,happy
810,71f1d16b-3325-4c52-aea6-857a87793678.wav,crema,angry
811,0e5e7416-22de-4ea8-afcc-28860cc36d7d.wav,crema,fear
812,b8f391eb-45ec-48d0-bf96-bb1e91e00f54.wav,crema,neutral
813,b08b3335-febc-4962-b3f0-063a68f1d009.wav,crema,disgust
814,4a7fcc95-ff8a-4248-8bb2-75ecb58ff837.wav,crema,sadness
815,fc284b82-3066-40ad-a41e-70dbc8a346e3.wav,crema,happy
816,01f6ec0b-cc8c-4212-b4c3-f815d4d8fc98.wav,crema,disgust
817,ba7fbf78-f3dc-4d7d-85bd-bb63cf65a14d.wav,crema,happy
818,b76511ed-2fcf-4a48-b02f-31752b24a426.wav,crema,happy
819,c85369e8-2959-41e3-9a22-e6905d35357e.wav,crema,sadness
820,27a9007a-89ee-4670-84bc-c1e1620fe7c9.wav,crema,fear
821,57e3c0ae-0ee9-4484-bb66-47b2f219aaa6.wav,crema,fear
822,7b8f5c1c-fb46-4b73-b810-a9c118f963e8.wav,crema,angry
823,4b4b3533-b3c9-44ba-a8e8-6d9a0cd817a7.wav,crema,happy
824,92190bf0-e739-4e45-901e-4363ded61320.wav,crema,happy
825,08b7f853-9520-4d5f-913a-0cf599a98cdd.wav,crema,angry
826,f434bb7b-ba33-4415-9748-650618bc3aaa.wav,crema,angry
827,cedc78c5-d87e-488a-8511-c5542c63b9b7.wav,crema,happy
828,06742623-9f44-4a31-9670-03c7f62ae16a.wav,crema,disgust
829,67c5ffa1-9afc-4cb8-8632-9ae4d16d54c9.wav,crema,angry
830,6846a9bc-ca2c-4bc5-81cb-43b9be6921f0.wav,crema,fear
831,43a86b89-68e3-48ec-a446-c35f48a2576b.wav,crema,angry
832,a80474a0-39a5-4d76-9bf8-167645192e90.wav,crema,sadness
833,3323f7f3-e15a-4da5-b412-b0b64743d091.wav,crema,sadness
834,f18223d7-6736-4e6b-bb22-bf83bdb02ae4.wav,crema,fear
835,81e4ebbc-ac34-4990-b57e-b0ffff7560cd.wav,crema,angry
836,98089def-f2e9-445f-be76-c1a24ffebac8.wav,crema,happy
837,4f7063ae-fc4b-4fbf-b2a5-71f195eb9271.wav,crema,happy
838,72a780ca-1e6d-4f0c-811f-44dac5efcde8.wav,crema,angry
839,3af91b41-169e-426e-9f4f-cd6c138c8863.wav,crema,neutral
840,a2226ad2-bebf-47f6-9471-1d447db28c3a.wav,crema,angry
841,94228058-3b03-46e9-b72a-18ef5f348ea2.wav,ravdess,sadness
842,3c45483d-fee4-4ba7-9de6-89e010772c03.wav,ravdess,disgust
843,5b529bed-2f2a-4dea-b89c-1ec42ddc23fb.wav,ravdess,fear
844,2ee87752-9135-4286-8aae-1a652f289a4b.wav,ravdess,happy
845,d1169fb4-492c-44ea-b296-63665ae76aca.wav,ravdess,sadness
846,0573b614-6719-4c92-9e08-da06ec736bae.wav,ravdess,fear
847,fd9b065c-be53-489f-b032-f8081501e81d.wav,ravdess,disgust
848,80605317-5cca-4876-ada8-8d3b98292fee.wav,ravdess,angry
849,5334940b-d6cc-421d-8b66-b16701d42616.wav,ravdess,happy
850,5f366ec5-ed08-4745-a074-37eecbadd8c8.wav,ravdess,sadness
851,776b93c2-d82b-4c20-834b-29dca4365c97.wav,ravdess,fear
852,b0b21ee5-7297-4490-b49a-f48b150eaab0.wav,ravdess,sadness
853,a540e31e-37fb-44a3-8d41-56cef2e0cdf9.wav,ravdess,sadness
854,dc00623e-69fc-403f-b13c-8e172641e69f.wav,ravdess,sadness
855,522d6d06-733b-43b7-a8d9-f057f1abd4d0.wav,ravdess,disgust
856,005f3c56-d569-4c61-a103-2f1268682e12.wav,ravdess,angry
857,dbacdd49-ea6f-4f7b-b8f4-a0f4d4ec43fe.wav,ravdess,angry
858,f0b1f312-93ad-4418-9877-c7544c56578f.wav,ravdess,sadness
859,908c1d14-71de-4811-a6f8-9b252dde99be.wav,ravdess,disgust
860,9b0c41ae-3c68-4bf4-b576-d5c0f6a80bb1.wav,ravdess,fear
861,be9adee6-aa0c-4d93-8785-b30631528e2d.wav,ravdess,sadness
862,e4a29404-6d76-4b95-91ad-09d2daaa627c.wav,ravdess,sadness
863,8f4ea872-cb15-4459-b4e1-0e74d91bb477.wav,ravdess,angry
864,e60aa4bb-2e18-4012-9af5-7aa27f1caf9b.wav,ravdess,sadness
865,13793146-0a04-4157-85ed-04bfb60fe765.wav,ravdess,neutral
866,6179994b-a164-4e8d-8563-ef5fde709ff4.wav,ravdess,angry
867,82bc9527-cdd9-48e6-9705-3ce32d737df9.wav,ravdess,angry
868,176067db-95be-4baa-9e30-593b223fe176.wav,ravdess,angry
869,2679e654-226f-4008-bf9b-4dbc4592ce1d.wav,ravdess,disgust
870,dbbe527e-e55c-40d5-9bf0-cd4d46d3de7b.wav,ravdess,sadness
871,fa56f532-df6b-477e-9e33-c48d5bb5d037.wav,ravdess,disgust
872,6a8151bc-90b0-4693-ac0a-158d05fff42c.wav,ravdess,angry
873,5758f84a-8a46-45f2-81ca-4c94dc201b6e.wav,ravdess,disgust
874,a9ac3968-2b33-49ea-b522-c409b714e1c7.wav,ravdess,sadness
875,2060c547-cb45-491d-8998-62be43955769.wav,ravdess,disgust
876,44736a90-cac6-4af9-8d89-b5472eb9999a.wav,ravdess,angry
877,620517ae-3d3a-4625-9e3c-0a56523fdfa7.wav,ravdess,happy
878,ae7260a2-dbe4-4096-be22-09fec97b0adc.wav,ravdess,happy
879,c8fcb41d-6b51-4b30-ad4a-a9629ec8ee0a.wav,ravdess,happy
880,bc8c6e6d-1e70-4e6a-90e4-915c455e6656.wav,ravdess,angry
881,275de244-51e9-4c67-bcb9-e54ba20f5232.wav,ravdess,happy
882,03bb5451-551e-4db8-b942-e5b4108fc2bc.wav,ravdess,angry
883,ecb4cce8-02dd-4893-8dc3-d71e7808635f.wav,ravdess,angry
884,42fe4b87-53c5-4ec6-8f9a-af7d3690adc3.wav,ravdess,happy
885,6760e6b6-9195-46fa-ac12-1b1dbdcb2cc1.wav,ravdess,disgust
886,054937a1-9262-46ce-9411-c99761af916c.wav,ravdess,neutral
887,cbb861fe-9c04-4f01-8514-c638db4f379d.wav,ravdess,sadness
888,480e9e6e-a564-41e8-b829-f5d65fcb7aaa.wav,ravdess,sadness
889,e29ddf1a-79fb-4de5-bcfe-2ddb30e6cb40.wav,ravdess,sadness
890,4d74d602-a555-469f-9570-0414e0bc233b.wav,ravdess,disgust
891,63a4737b-2cc6-414d-885e-ea9cc9469110.wav,ravdess,fear
892,07175c22-2f03-4472-bd5e-822f9748cdef.wav,ravdess,happy
893,9ab874e2-d53b-4444-83e2-1d5b96487227.wav,ravdess,happy
894,27f7f947-9e25-45c9-babc-641f0b8d8c31.wav,ravdess,fear
895,ad7b65d3-a807-436c-a01b-db2fbb6c28c7.wav,ravdess,happy
896,4a2744aa-5dc9-4551-88a6-d785516e49b3.wav,ravdess,sadness
897,05f9eb7b-9f0f-46b5-b204-9d663fe44e8c.wav,ravdess,happy
898,9cb0146b-f45d-4e4d-a437-ea22fcc18550.wav,ravdess,sadness
899,a9d1d9c4-c40b-4a07-960c-fee7f9de9550.wav,ravdess,happy
900,8ece9848-9e33-4670-9179-3643c1e136b8.wav,ravdess,angry
901,c9b3f8e6-d2dd-4a16-a5ec-ecadf20f8009.wav,ravdess,fear
902,09a6055d-2e5b-4cd3-be16-906eba2da527.wav,ravdess,sadness
903,d0a26e20-55c1-475d-a63d-bd9fba599ace.wav,ravdess,sadness
904,ffe04032-a0f0-495a-9a5e-07335b3908eb.wav,ravdess,fear
905,f2210762-2b69-457a-ae2f-2fd16891f7bb.wav,ravdess,happy
906,133914c7-a21e-45ed-8e91-5ed3b3a7fe6a.wav,ravdess,fear
907,b0f38a94-be9d-4562-8553-667619dff14e.wav,ravdess,angry
908,5064e20d-5566-48f6-8ce7-e78fe0d0989e.wav,ravdess,fear
909,e78bc942-3a54-4122-ad44-06b742bdbf3f.wav,ravdess,angry
910,160a7ace-e2a0-4fa7-bc45-87c60ab2067d.wav,ravdess,angry
911,95b2de89-c3c0-40e0-9474-10551da30563.wav,ravdess,fear
912,c24bddcf-285b-4855-a43d-b2efb93d8ca1.wav,ravdess,disgust
913,85e1e041-2a52-4d20-a4ff-e3b691db659a.wav,ravdess,angry
914,80b437e3-2f08-4c61-9a83-da8fe17221a7.wav,ravdess,happy
915,7390a5a4-6df3-4b5b-a38f-292bdca75187.wav,ravdess,sadness
916,c8e7fa92-5e29-457b-89e1-a4e556b30393.wav,ravdess,happy
917,35ac51e2-0dee-4ca6-81d6-2f62a16ca299.wav,ravdess,sadness
918,9a995945-841c-4322-b91e-1320b697be64.wav,ravdess,happy
919,f3d86186-059f-4254-883f-ace385367e1b.wav,ravdess,fear
920,aae09f89-7582-4952-b1d4-1935bec07b3d.wav,ravdess,happy
921,c5008fc6-d850-4d22-8521-35f5870f9201.wav,ravdess,sadness
922,ae1a1b1f-8645-4f01-8738-30b6c403ef5e.wav,ravdess,disgust
923,08b1df47-bbf1-41db-8f9f-681991226d63.wav,ravdess,happy
924,cc244dcf-17b7-46eb-a393-efb702cf9c60.wav,ravdess,happy
925,c2e1e1fe-410a-42fb-89d9-4a20716903ea.wav,ravdess,angry
926,2a191236-90aa-496e-924b-5aac3ba18aa7.wav,ravdess,sadness
927,98f77540-cb00-4ecf-b4d8-31a5b0811306.wav,ravdess,sadness
928,79554a67-b799-4c19-b6df-47af6b695073.wav,ravdess,angry
929,ad012a9c-c3e4-481a-94e4-eda692af59fc.wav,ravdess,sadness
930,95c379db-8c39-47eb-be78-42997df0a47c.wav,ravdess,disgust
931,46df0a50-37e6-40e0-9578-be9895109c53.wav,ravdess,sadness
932,ff7d5722-8881-42a7-aba4-4e1835f26c63.wav,ravdess,neutral
933,605ab352-3e2f-4ac1-8181-61d1ded6fd5e.wav,ravdess,sadness
934,aa0f9694-78dd-4be3-bd2f-13181e9c1bec.wav,ravdess,sadness
935,c5054277-24a3-46d9-84d7-a89b64e0e78b.wav,ravdess,fear
936,70ffe7e4-5c53-44a7-b860-c12a4eb01b90.wav,ravdess,sadness
937,4dea0434-d149-44b4-94ee-41f472b028d3.wav,ravdess,disgust
938,44103660-10b5-466d-ad81-ce7faa0aa74c.wav,ravdess,disgust
939,25afa1a1-57ce-49e9-94d6-8fb1e17f7923.wav,ravdess,angry
940,cee1f38f-41a2-4820-ae45-45929b02f465.wav,ravdess,fear
941,1c0e818c-0a9a-448d-962c-6653749dea48.wav,ravdess,happy
942,b00eb6f4-3ef4-4d27-9279-65e27298521f.wav,ravdess,sadness
943,f2fa2938-c854-464d-b441-36ea79a2341a.wav,ravdess,angry
944,63a90f7d-a6a8-4d90-989d-08588556aee0.wav,ravdess,fear
945,10ad05c4-1f58-4f08-a952-30224c104535.wav,ravdess,sadness
946,9dd0e6f6-5ea7-4e4c-9d2e-9a764efcb5ff.wav,ravdess,happy
947,c552d020-9351-4cb7-a743-05a67a9eb170.wav,ravdess,angry
948,3106fb31-9719-471f-9a37-b22cd9426873.wav,ravdess,sadness
949,8b50d38f-f14b-40a6-a19b-2df06155da1c.wav,ravdess,sadness
950,3b0310be-6f02-4311-b9b3-2659140d887b.wav,ravdess,happy
951,65ae90ec-661f-41bd-8a20-1b5f6e22d5df.wav,ravdess,sadness
952,5620b773-12e8-4b7b-9136-e4264d6ff038.wav,ravdess,happy
953,e309591e-6886-4823-bf0c-f455e784ca24.wav,ravdess,angry
954,ac6b3343-c127-429d-9fa7-6f99fe10d626.wav,ravdess,sadness
955,3dd493fa-f0ce-4b78-89ed-8cc0a0ba0ae3.wav,ravdess,fear
956,5ea75306-c2b7-49f1-bfc9-8c055d3da6db.wav,ravdess,sadness
957,018efd7b-d36d-4916-bc42-75f7c30b9a6a.wav,ravdess,sadness
958,a17d8b5b-9c78-42f4-a862-2bc7f4a7dc8e.wav,ravdess,disgust
959,f7dbaf92-0198-4a94-8be9-cd2506e4cba2.wav,ravdess,angry
960,73234d25-acd4-47ba-b2e9-a8e98f666bc8.wav,ravdess,sadness
961,90ddca63-b7f2-453d-9494-eaea1fb225c3.wav,ravdess,sadness
962,da0493a4-180a-412a-b8c0-31a093e53f23.wav,ravdess,disgust
963,614bccce-fcae-429f-8504-47865063cf0c.wav,ravdess,fear
964,48141702-7294-425b-9fa7-d61c7b86c2cf.wav,ravdess,neutral
965,aaa8b96b-970a-4c95-9b40-b2d1e3c41b31.wav,ravdess,happy
966,7dc22582-e097-445b-ad6e-1fcdd9aa89ec.wav,ravdess,happy
967,919bb879-4072-4135-ada1-c204fd64e083.wav,ravdess,angry
968,67fadf85-5b53-41a4-b076-8a055f62aa1b.wav,ravdess,sadness
969,f66cd296-d85b-4c01-8757-533f181814b1.wav,ravdess,neutral
970,b352082f-3dad-4332-99f7-4253cff884e7.wav,ravdess,fear
971,a44e2bc8-78db-42fb-b0fb-d08f414feea5.wav,ravdess,sadness
972,befebf8d-0f6a-4b41-9903-485c1c0d4790.wav,ravdess,happy
973,bff0b214-b5ef-4887-9c67-7015cf92d01b.wav,ravdess,fear
974,b781b5e5-cdf5-440d-af52-6bf089e87f37.wav,ravdess,happy
975,90b448cb-f039-441a-8500-34a11ff9e341.wav,ravdess,angry
976,f6770313-0a79-414b-a07b-5aef9311caed.wav,ravdess,sadness
977,2ece852e-a9d6-4fc4-a5ce-c2b98b9b0233.wav,ravdess,angry
978,0dd8eb9c-4fe4-482d-9008-b06118e96f28.wav,ravdess,sadness
979,165fdf6b-cf2a-486c-89fb-ce43f76bce8b.wav,ravdess,angry
980,ea2ec4ce-f846-4a2b-b05a-1701d9c812ed.wav,ravdess,fear
981,ab704ad7-0ade-49b9-a9b1-0778595604dd.wav,ravdess,sadness
982,998aeb25-394d-4f4d-a2cb-77e7c0608935.wav,ravdess,sadness
983,1f976968-e24e-4bec-8e3e-c8cfe6c24ceb.wav,ravdess,fear
984,f55a1929-2554-4500-8002-81c7b75947f6.wav,ravdess,happy
985,62691b4d-baef-4280-a777-dd5210b81526.wav,ravdess,sadness
986,7d9658b8-97a6-44bf-af20-c2f13966c010.wav,ravdess,sadness
987,8fac3407-11cf-43ad-8838-12b3b634f5bd.wav,ravdess,sadness
988,9d56d9d2-4eb9-4539-8f14-042faf48ccf1.wav,ravdess,neutral
989,e7975831-ff88-4899-b79b-edad4e49f8f3.wav,ravdess,sadness
990,f97b3c7e-13b1-4531-a4f3-dcbbfe75bf72.wav,ravdess,angry
991,cb315b21-96ea-42ee-b4fc-31e8a1430a28.wav,ravdess,sadness
992,1e8dac36-283c-4f49-a416-3d13f926e438.wav,ravdess,sadness
993,a58d1dce-58ab-4f16-8f5b-5e3801212cc3.wav,ravdess,fear
994,b780574e-d099-440c-9423-3136fa7ba1d4.wav,ravdess,sadness
995,5fd6573b-c5c7-4cf7-b3e7-ab8ce3438e94.wav,ravdess,disgust
996,d5fc0b10-022b-4ff3-a33e-30b66aee6da5.wav,ravdess,neutral
997,aa1664ad-4e02-4dfd-a4d0-0ce3a8178c7d.wav,savee,neutral
998,b51de65a-5f90-4a77-8979-7312338778d7.wav,savee,disgust
999,240baf42-72f3-4992-90de-db9a391c21b4.wav,savee,disgust
1000,4f96331c-13eb-4eaa-b64a-5ca38c52810e.wav,savee,disgust
1001,3cd80e44-598e-4919-a657-a3cd4e676211.wav,savee,fear
1002,43dec334-ff1e-434c-bcec-db02942c7402.wav,savee,sadness
1003,4073e6fb-d4db-47fd-88c5-87ffa3d34253.wav,savee,neutral
1004,b7d4635a-6321-4614-9763-2ea057bb6714.wav,savee,disgust
1005,0e7a3053-a738-4ccc-b58b-6295171b5b72.wav,savee,disgust
1006,58f93ce6-3f4f-4220-8cd0-7a772fb5c0e3.wav,savee,sadness
1007,705b95b6-184e-4589-b5bb-35e0747f78cf.wav,savee,happy
1008,66affcf3-16ff-41a2-af1e-a1322469d60a.wav,savee,sadness
1009,7d9f30b1-6f53-47a0-83e5-2480337912a5.wav,savee,fear
1010,aba3470a-6037-4bfc-98ff-16bbdc96642b.wav,savee,neutral
1011,811ca5f1-89dd-4a87-9f73-f92fe3162970.wav,savee,fear
1012,d7a3e95b-334e-4033-9629-e9d8f435c9a3.wav,savee,neutral
1013,952355e1-9b97-4d79-921a-9a2f49da05bf.wav,savee,fear
1014,9b9a882a-7294-44fd-8b47-b15f110f43b9.wav,savee,happy
1015,de652b92-8b12-4bf2-8549-ab2b31a3fac2.wav,savee,sadness
1016,064ba96d-a510-4435-8f46-184109e01370.wav,savee,sadness
1017,778e20d1-3cd3-45d7-ad9a-003faeb39c78.wav,savee,disgust
1018,557ac0e1-73c7-4098-8696-b57d4dc86546.wav,savee,disgust
1019,fdf5374f-4d6f-4201-8d1d-8c347fd88a26.wav,savee,angry
1020,fd95a46e-5f13-4c34-aba6-f852018c8db5.wav,savee,sadness
1021,bb1fb8eb-8ac3-497c-af81-56cf754625d3.wav,savee,angry
1022,4f8b1ccc-f939-476d-9ee4-0c36da9b37ca.wav,savee,angry
1023,c0d7b1b7-1b59-414c-b413-501a0156c3dc.wav,savee,disgust
1024,414aad3b-a915-4e7f-8108-825e9d2ef3be.wav,savee,happy
1025,c9bf8ad3-6e61-49c1-b4c3-643c0da18bb8.wav,savee,neutral
1026,60e26eff-4d80-4d76-9474-2b3c50a35349.wav,savee,sadness
1027,f6ea6a33-0283-4bdd-98e9-2cf45d07ad70.wav,savee,sadness
1028,f671f350-ac42-4d05-8132-86f7c70da349.wav,savee,disgust
1029,ecb01b10-4d24-4afa-850a-73d17f05aac1.wav,savee,happy
1030,e4fefcd0-ea3b-4187-ac1b-7d09a3fea76c.wav,savee,fear
1031,4f5dbe03-5c97-4b3e-b7aa-f1f651c3cd38.wav,savee,disgust
1032,37bb4a1d-2a68-4be1-8108-cde4ae5a4b64.wav,savee,neutral
1033,2fc30a30-752d-467c-81ee-e05f71ed94e5.wav,savee,happy
1034,d7af0146-20e7-4508-9a7d-67f2f1f5d2a8.wav,savee,sadness
1035,ee607248-3f54-429c-a95b-a238ea6f38fa.wav,savee,angry
1036,2419525a-8f0a-407f-bef7-6d2904800bfa.wav,savee,sadness
1037,7e9b9bb1-77f4-4e00-9af3-4c975bf7a868.wav,savee,happy
1038,a5b706e9-eec3-4bce-92ba-adae9afee336.wav,savee,happy
1039,e8c73994-1651-40f8-a37f-9e46582d810a.wav,savee,angry
1040,3b1d19a8-e73a-4040-a230-d0090bf842cf.wav,savee,happy
1041,9d0d0ac3-bf94-49fe-ada1-b984cfba3c79.wav,savee,disgust
1042,190ac393-5890-4210-8eb7-880e6d5f47d1.wav,savee,fear
1043,89e3a95f-bded-426a-99b8-f7655df9c16f.wav,savee,fear
1044,33763e93-8f4e-4beb-8167-7977b2ee69f8.wav,savee,surprise
1045,f90afc60-596d-4b16-85f6-0c6d6c9ebe2f.wav,savee,surprise
1046,94640e80-893a-49ac-b653-31b6d61c0530.wav,savee,fear
1047,8a292049-c702-4c34-864e-b2b1483b0a0e.wav,savee,happy
1048,4e5859d8-dc07-47a8-82bd-16d07641bbd8.wav,savee,disgust
1049,e7ca8589-bc73-4a7e-b505-1c098adbeb3c.wav,savee,fear
1050,00a8be0c-9429-418d-8ad5-b3fd86eee7d5.wav,savee,sadness
1051,2ebd76e1-46c2-43cc-bb2e-5273b6b38c24.wav,savee,sadness
1052,0974ac69-e632-4a42-85ed-ad00b61ecd5a.wav,savee,disgust
1053,3715a9d3-b42b-4a76-9422-6181c94dd919.wav,savee,happy
1054,c907c04c-052e-4618-9c95-4d6a7ae640da.wav,savee,fear
1055,e92a32aa-10a9-4612-9b69-34777e447de5.wav,savee,angry
1056,e324bf12-aff7-445a-82b5-afc8f22b32d5.wav,savee,neutral
1057,7f45bec5-db02-41c1-92c6-79e6febeee5c.wav,savee,happy
1058,1c4d59bc-738c-4c50-bb8c-0af2e15cbe0b.wav,savee,neutral
1059,a78bf527-b1a3-4a0b-a0f2-3dca18142352.wav,savee,disgust
1060,12d93f36-e2ce-421b-ad45-c8382a7c64aa.wav,savee,neutral
1061,6211a559-adbc-4105-b5f8-0eeaf9c89cc8.wav,savee,happy
1062,39ef33e8-239b-499a-a44b-d612ba5a11d3.wav,savee,angry
1063,3e84d2f4-6329-48b8-bd27-6f9cde1b3429.wav,tess,fear
1064,e4e5ec4e-3ab8-4955-9537-3a00de5f9e3b.wav,tess,neutral
1065,90c0a8ef-bfbb-42c5-92da-ca864b45a988.wav,tess,sadness
1066,0106e837-e2d2-4f14-b833-428c790c6e3c.wav,tess,angry
1067,e0b92f95-8b59-43bd-81b9-44e1f11276b7.wav,tess,disgust
1068,fc3342c6-5c5d-4e7d-9210-b425dfae9408.wav,tess,angry
1069,baa975af-2f31-47b8-9e29-8d08a53279e7.wav,tess,fear
1070,1936b690-6c83-4e97-afd8-aa26eaccd632.wav,tess,angry
1071,e76c17fc-48e1-46a6-b617-0fe9f4a78167.wav,tess,sadness
1072,8ee9cc6a-dfb2-4b88-85df-1db26a835262.wav,tess,happy
1073,199114cb-c808-4d06-ab4d-f35fd9339dc1.wav,tess,fear
1074,bcaac9ca-f3a8-4e84-a113-c29448403c7e.wav,tess,fear
1075,e2b3a0fa-3354-4b61-af20-644ae889f468.wav,tess,sadness
1076,dc96d210-013d-4677-9412-0d859d73ef78.wav,tess,neutral
1077,3d12b9f2-6d94-4b14-8f3f-3b28274ca136.wav,tess,fear
1078,d37b5309-4e1f-48b8-8b1d-fc053170a901.wav,tess,happy
1079,183167c0-a9ad-41ee-9267-fc4d89d1e345.wav,tess,angry
1080,90b60f04-21a6-46f9-a8e7-4e3287de86b1.wav,tess,angry
1081,2ca1f7a5-3acf-4d61-aaff-149f0d68b68d.wav,tess,happy
1082,a8ddb27f-7764-4095-bd60-94c93380952f.wav,tess,fear
1083,4ee6b831-5c28-4beb-a2e0-585bb92c001d.wav,tess,angry
1084,a88a3053-55c2-4c10-a926-380cbe0cc478.wav,tess,happy
1085,55915f14-d6b3-45bd-83d4-caa2f12285a1.wav,tess,angry
1086,adbc635b-42b2-413e-b46b-67cf3cdc894b.wav,tess,fear
1087,c397ea86-af7e-445a-a8a4-b4d559c7c83a.wav,tess,happy
1088,295f86aa-bf04-4654-b828-c9afa2603bd0.wav,tess,angry
1089,2e4d29f6-5628-44d1-9499-9c6ec965dbda.wav,tess,angry
1090,25a47ed4-28e0-4d75-be73-8769dbd3117d.wav,tess,fear
1091,ff9b8c7d-7d1a-4106-8579-a5a0f03529f3.wav,tess,sadness
1092,955d2178-bc3d-484c-a6c1-fa8905555e7e.wav,tess,neutral
1093,08cb8e86-8d39-4809-b6b2-922c9de45c13.wav,tess,sadness
1094,ab8636ac-854d-4993-a442-648723dac476.wav,tess,happy
1095,4183b155-6fa4-4e68-b3e9-c6f98ba1041a.wav,tess,fear
1096,0071e3e2-2a66-4fd6-8cb0-552f6a042caf.wav,tess,sadness
1097,0bb6efd0-a65c-4684-816d-e0ddad07dc2e.wav,tess,disgust
1098,9b52e23c-a388-4b7e-ba16-a432e218d26f.wav,tess,neutral
1099,3c1dc326-0d30-4f06-80a4-a6e88664b602.wav,tess,fear
1100,b60bb243-7f6c-4efb-9d6a-c6f8d34591c9.wav,tess,angry
1101,89a74618-789a-46de-8c63-759580c883cf.wav,tess,fear
1102,196b01ad-1ff8-4056-a13f-714693bb6c07.wav,tess,surprise
1103,54744d4e-4df8-4dcf-9f7d-3f6490b88f98.wav,tess,fear
1104,7491826f-4cd2-4296-ab90-5770f51c9ad2.wav,tess,surprise
1105,25e860ee-92f7-4429-b967-451a6cfa3e58.wav,tess,fear
1106,9eb887f6-4293-4f55-aed6-995209c4fc94.wav,tess,disgust
1107,3ed6c275-307a-497e-bbc4-f3d22852df8e.wav,tess,angry
1108,18209857-533c-4960-8546-7b68456cee1d.wav,tess,angry
1109,86588a81-39f5-4e3c-b9a7-bf6690fde8b6.wav,tess,disgust
1110,47c96780-ce15-47fa-8154-12822a90915c.wav,tess,happy
1111,90574ce6-91e2-454b-aa7b-4c234e1f55e1.wav,tess,neutral
1112,9e6da94a-b242-4a0d-9746-d2647863326d.wav,tess,disgust
1113,617350b7-a198-4a11-9de8-cae4ebf3ff26.wav,tess,fear
1114,80682dbc-2d8f-4c8e-a3a0-d6ecb9437cbe.wav,tess,angry
1115,57e8559c-d2f9-44b2-9b3a-03345e6129f5.wav,tess,fear
1116,fd6eacc9-818f-4332-9833-12e913fc7dc8.wav,tess,sadness
1117,0b52dd8d-9794-4de9-9344-896d9104f49c.wav,tess,fear
1118,405d439f-7b23-41c5-abc6-f5cd168c0143.wav,tess,happy
1119,b9136d27-f857-40aa-96b9-b9c1cbaa9a85.wav,tess,angry
1120,ea38a489-0fd8-43d1-a73d-6fce0157c392.wav,tess,neutral
1121,e119d27f-aa7c-459c-ab76-87543881102d.wav,tess,angry
1122,302e1ab1-742e-439e-b89c-26fd5e65f6c4.wav,tess,angry
1123,4fbe1c3a-3f12-4218-87d3-5d08b8534c8e.wav,tess,fear
1124,530f1e40-b5cc-4d48-b2e6-0e2a9ada3082.wav,tess,fear
1125,9900a4e5-4676-497f-a91f-df6e7ad2591c.wav,tess,angry
1126,43b26b8c-ec66-4477-8b43-30ccb1bc0b30.wav,tess,angry
1127,451b0883-39bf-4ec1-aee4-4372c192ff11.wav,tess,happy
1128,a5bdf88d-4ca3-413f-8145-5e3d3c62d03b.wav,tess,disgust
1129,224cfd7b-5a7e-49ac-8726-11f659877e42.wav,tess,sadness
1130,2d33b3e2-f18f-4b3b-9417-c8cf4d76a71d.wav,tess,neutral
1131,5b930446-ff75-4886-9248-fdc5379df601.wav,tess,sadness
1132,b62c4c24-6922-43ee-88b8-895646171b88.wav,tess,happy
1133,58871286-a815-43e5-81d6-7045408d3f9d.wav,tess,angry
1134,2824c90b-0db2-4461-904d-48044c29316b.wav,tess,sadness
1135,b7d05ed6-9a77-4991-9b62-5a439456617b.wav,tess,sadness
1136,fa6f6d4c-c370-4642-aca3-7a7b7fba285f.wav,tess,angry
1137,b4569bd9-ffa8-4476-b7ab-76621a8cd344.wav,tess,neutral
1138,ec7adda1-ce31-4d8b-a59b-523f1d4fac8b.wav,tess,fear
1139,e0643f29-ba1a-465b-b21c-a799d1f5c61d.wav,tess,fear
1140,8a572fad-dec4-4dd6-8251-c0fef6d2776d.wav,tess,happy
1141,ae03516b-5b7a-43a0-897b-a2cf64fecb49.wav,tess,happy
1142,c118c608-1e58-4158-ae1d-fc12d51fb23f.wav,tess,fear
1143,6c11f8a8-fc4e-4ad2-8fda-ca49a0b1c801.wav,tess,angry
1144,20b5bbd4-4648-487c-821b-a8d270f86520.wav,tess,angry
1145,e2ae6d03-d46f-4b8d-87f1-1a7fe509dd9c.wav,tess,fear
1146,e271dfea-6d63-45df-a83e-d12f84e4e2c4.wav,tess,fear
1147,7d2971eb-e7ab-4394-99c5-c7e8e6e3d633.wav,tess,disgust
1148,8548e57a-123b-49da-b974-72c6593cf4b5.wav,tess,fear
1149,47b517d0-1088-45e9-a73f-ca488ac7522a.wav,tess,fear
1150,69684f5c-6cc1-454f-aa52-ec42670efe3d.wav,tess,fear
1151,ad8d5e4c-3647-4141-b76d-6959cee10d13.wav,tess,fear
1152,42312fdf-260a-48d2-9743-f53b46be9ae2.wav,tess,disgust
1153,43ab47b0-8f72-42a6-9e39-1ad6b5412d02.wav,tess,disgust
1154,4e819846-6d67-481c-ade0-1bac58e2ad6c.wav,tess,angry
1155,fb9202d9-d7de-4822-8d12-31d53da01303.wav,tess,disgust
1156,24f921d6-b80f-4a13-ac06-186dfe291c90.wav,tess,sadness
1157,a18ed7f8-618e-47ad-8cd2-278e2c0e38bb.wav,tess,disgust
1158,a2340c69-57a4-464a-847e-5efdec193c80.wav,tess,happy
1159,743b3809-a812-4de3-aec0-60516edd3079.wav,tess,fear
1160,8c968218-9dbf-408a-bc2f-0fb52d0d0d7c.wav,tess,fear
1161,71ee0ff9-4d95-4a70-9220-6b1083c2316d.wav,tess,fear
1162,9da1f9c5-4834-4bf0-8d6b-24619a137fbe.wav,tess,sadness
1163,19ba543e-0dda-4146-b691-1c104392b9ac.wav,tess,neutral
1164,ebab540b-24f2-470b-94fe-4f989cdc0630.wav,tess,disgust
1165,b3ae4871-5735-4a98-b541-6c9e5d33ac63.wav,tess,happy
1166,1f470a3c-c2fc-4811-8c25-74fdba481721.wav,tess,fear
1167,667767d5-ecb5-4754-8fd2-b1a8ddfb80a6.wav,tess,disgust
1168,829aaf17-4f6f-4524-bc97-aeb20924995c.wav,tess,angry
1169,f019b853-8673-4641-a30f-82b0b5a32b3e.wav,tess,surprise
1170,05cba7fa-cda6-4607-af80-df637c3300e1.wav,tess,angry
1171,c82d915c-751b-458d-8c90-808be06ad192.wav,tess,neutral
1172,1342d361-f36d-41ac-a660-7e8d3646ea43.wav,tess,fear
1173,521016df-5ecb-4442-8577-b30da76f502d.wav,tess,fear
1174,cca28ad3-afd0-4192-8f89-3e5fb759ac98.wav,tess,fear
1175,e3e706b3-23be-4bc1-ade2-2ee1280a3501.wav,tess,happy
1176,84f07b72-fd77-4769-8c65-4557404628a3.wav,tess,angry
1177,5caafbb6-a5a6-4a0d-8166-f8ca654436b1.wav,tess,fear
1178,f23cbe60-40b6-4e9f-88e9-682d2cfe730c.wav,tess,neutral
1179,a4c8c2dd-d988-4352-8fd4-196b404a3404.wav,tess,fear
1180,21f8dbe1-f200-44a5-afdf-c5e98454cff5.wav,tess,neutral
1181,79501dbd-eb2d-485b-b08c-4b9cc461390e.wav,tess,sadness
1182,f3ed4533-d25b-4a9d-8d11-0097010dbe57.wav,tess,fear
1183,507b546c-c8d6-4135-be6d-26c1958688ff.wav,tess,fear
1184,efd911b4-5773-40b9-a41e-b1b90c36474c.wav,tess,happy
1185,63b9d0cf-4e72-4df3-a30b-68906f0a57a2.wav,tess,sadness
1186,0b533c9d-e823-4d56-9c78-ab632c143cf6.wav,tess,happy
1187,1345c874-617e-464c-9baf-5c534cfc93c5.wav,tess,angry
1188,bd0170ee-4c07-423c-8444-12ff17ae2e56.wav,tess,disgust
1189,898f59e3-1c06-48be-a111-120adc876d9d.wav,tess,happy
1190,efbe75f7-a619-488d-be37-9bc387004317.wav,tess,happy
1191,fa1faaec-1a6c-4abb-9d78-bd91944824d3.wav,tess,sadness
1192,80b14d60-75e2-42be-a9fc-5a54b19faf7d.wav,tess,disgust
1193,39ba6560-16b9-42ef-85c1-ffd797aba331.wav,tess,angry
1194,1bc2f582-df2e-4723-bdc4-052564be114d.wav,tess,angry
1195,2b0edb6d-3e55-4452-b117-11f669f559b5.wav,tess,neutral
1196,5e5f816c-f9fa-4fb6-a464-4be97309983b.wav,tess,angry
1197,26efb09b-3181-4af5-a6f0-c50c8870b7a6.wav,tess,disgust
1198,ccfe384d-6460-4479-8fbc-ece9e851d981.wav,tess,fear
1199,5e790850-bd69-4b8b-ad28-46fe0b5e297e.wav,tess,sadness
1200,bacb45b9-3d39-4879-adfc-d223c828c3a4.wav,tess,fear
1201,2f33fcfa-3267-4dbd-9da7-01ffa8538f96.wav,tess,sadness
1202,e06fd673-cedf-4413-a23f-94571a8bbc3c.wav,tess,fear
1203,50b8ddce-1b19-42df-a16c-9e1608e714ea.wav,tess,sadness
1204,3c46530a-d3ce-41f3-bf39-659a626bee54.wav,tess,sadness
1205,446c456d-f39b-41b0-870d-d1dc648368f5.wav,tess,sadness
1206,c1fe417c-2778-455b-9c6e-9123be10c580.wav,tess,sadness
1207,8d3da9ab-449b-46b6-90b7-194c49950c12.wav,tess,happy
1208,a34428ba-5618-4273-9897-95081cde96e9.wav,tess,happy
1209,4683899e-62e6-4ef1-87aa-8b51b14c5daf.wav,tess,happy
1210,6c45b91e-1156-4208-9c12-e77e754aa17e.wav,tess,disgust
1211,6f30de31-5955-44ed-aa55-a55c1fb817b8.wav,tess,disgust
1212,a9d9210c-ed9b-40bf-8914-3844dd090e9a.wav,tess,neutral
1213,160dd770-127d-422d-b1b2-1296c4f5f0f7.wav,tess,angry
1214,d0ad77eb-6774-4d3b-bc0e-882afe5af573.wav,tess,happy
1215,dba44d95-05d4-40f1-917c-0ec05ce2149e.wav,tess,angry
1216,a54c0e93-97bf-4730-a59e-8489b7a16c24.wav,tess,disgust
1217,141ec0be-1bcf-4fd7-b21a-9bf7e4f46fde.wav,tess,fear
1218,bac12f80-668e-44f9-812f-2919cf9978c6.wav,tess,happy
1219,d17aa010-2129-4438-bf43-eb2fe9aa6311.wav,tess,fear
1220,bccff140-6aa3-46e6-b9cd-67774cd4b65b.wav,tess,angry
1221,d5ecfb56-a926-4305-9146-9a595a1a6f91.wav,tess,neutral
1222,e2bc32e0-82fd-4bb0-9a14-8abe4631ce30.wav,tess,disgust
1223,2fd15a1f-54b0-4d7d-92b8-309dcaed1bc9.wav,tess,disgust
1224,df05829d-4478-4227-bf5c-5c907100bf91.wav,tess,disgust
1225,3d96b2f3-5cf5-4482-81e7-0c3867d1f4d8.wav,tess,angry
1226,679c6260-af81-4e3e-866e-17c69e2f7501.wav,tess,sadness
1227,d55f9032-9eef-4b7b-b922-56fc34a9f5c4.wav,tess,disgust
1228,6c8eefa9-e8b9-49c8-8634-100a9c76cb9d.wav,tess,neutral
1229,30243bc2-bb03-4574-bd98-e0ad98e58a65.wav,tess,disgust
1230,659c6551-bf69-4d28-91eb-44759d9ca1aa.wav,tess,disgust
1231,b086755d-7410-4dd1-9f1c-c312fa8e5c98.wav,tess,sadness
1232,5f8afe96-4266-4336-a05e-e7de58f82bb5.wav,tess,fear
1233,65cea45a-63eb-4134-ac51-257b9a4c0a74.wav,tess,neutral
1234,8b1292a1-dfad-45a8-93a4-2eca7a743404.wav,tess,happy
1235,0ad3d9fa-fbc1-46e1-ac1f-b240613dd795.wav,tess,fear
1236,ba8b6cca-1c05-4a54-b50e-f473145f6967.wav,tess,fear
1237,77a7963f-8ce3-4375-9a38-7d2cb3e2135f.wav,tess,angry
1238,55c59313-e3f4-4dfa-a85a-1dca01b66706.wav,tess,sadness
1239,1a0bbd57-4d93-4f07-ae9f-f6af6ef6b7bf.wav,tess,sadness
1240,fffdabe8-9fd7-4c83-8885-159b651884e3.wav,tess,sadness
1241,671d9fe8-b5a1-4bc8-a8f7-ff960fad5a42.wav,tess,disgust
1242,495dbf75-16ba-463a-9175-d061c2407b8c.wav,tess,fear
1243,b64f425f-e3fb-470b-ba80-44f2a4d93792.wav,tess,happy
1244,b53343ca-20d3-4d2c-a636-1c5d0b56dfdd.wav,tess,sadness
1245,528b9b09-d5ef-4807-818e-75bbf81a14ff.wav,tess,disgust
1246,18fc5e84-e72b-41f8-9a5f-bd0432eadacd.wav,tess,fear
1247,fe474b1a-91fe-458f-b843-56af562267cd.wav,tess,fear
1248,f0cf0c3b-a9a0-4b22-a3d5-f3625410f0f2.wav,tess,fear
1249,c68f3531-908b-48f1-b5c4-aaeb5eea0a8b.wav,tess,disgust
1250,e7661b26-27ef-4a00-ace1-cb2454475943.wav,tess,disgust
1251,e0bedad5-2ddf-45d8-a665-036ce578eff4.wav,tess,fear
1252,a7eb9ef1-fca6-4b6d-a2d7-f36201c2afa7.wav,tess,neutral
1253,2d76f508-ad15-4dc6-9549-f237bc10393b.wav,tess,happy
1254,ba96ea38-56f6-4dd8-8f4e-87902e8f711e.wav,tess,fear
1255,8f271bad-47d2-492c-b142-1d4c2ef1de4a.wav,tess,sadness
1256,2ebcf4d5-dbc2-4827-896f-84ca7919af2f.wav,tess,sadness
1257,270e9f73-d9b4-4052-b4ea-fb73fe8e2699.wav,tess,disgust
1258,7b594135-98a3-468a-a4fd-b54406fe7b29.wav,tess,fear
1259,8e73645c-526a-4d43-9278-d40f804f65bb.wav,tess,sadness
1260,51cdc84d-ec6f-404c-b4a8-16b1ea317327.wav,tess,angry
1261,236ea171-2a06-490f-aeb5-a2ae3da1ac3b.wav,tess,fear
1262,e0239983-2dc6-4ad6-8146-24c0280b204e.wav,tess,fear
1263,e9553b96-ccec-4800-967b-7b296d66105f.wav,tess,sadness
1264,bd1a1124-c182-47df-a8ac-987c0ad54878.wav,tess,happy
1265,b8ca72d5-dd97-416c-b6a8-a61ade4354e6.wav,tess,disgust
1266,e2f04d74-9d3f-44cb-8368-7308aa3a20af.wav,tess,sadness
1267,0683f0ba-3789-45c9-867e-3fe661815620.wav,tess,disgust
1268,8934c809-62be-4b13-9186-3b23d2559461.wav,tess,angry
1269,2d3d749f-9db2-4d53-9858-b374dedcd917.wav,tess,fear
1270,039ca2b0-0681-4d96-a70f-ec161aa4ec6b.wav,tess,fear
1271,e98f93e0-3214-4338-a713-050c593f3c09.wav,tess,disgust
1272,8c1f8062-02bb-496f-992d-70a51ccfd79d.wav,tess,happy
1273,32de22a4-e041-40f9-ab3c-dff708de569c.wav,tess,angry
1274,b03d81fd-d784-4c0c-a23f-32214b79caf3.wav,tess,surprise
1275,de7e137c-1328-436b-bc6a-aef2b1a1bfb3.wav,tess,disgust
1276,e23bd897-20d5-4e75-b26f-a8394e3223ff.wav,tess,sadness
1277,10b05e46-1867-444d-bd7c-c3a5410b66f2.wav,tess,neutral
1278,067f454f-d463-4b84-99be-bce512761d07.wav,tess,fear
1279,bd158e9c-f4f5-4eb7-bbf1-42b19122bb95.wav,tess,angry
1280,e30adb54-f6f3-4908-a17a-de943b5dd112.wav,tess,angry
1281,924d5af7-33d2-47b8-8086-f026181c9121.wav,tess,happy
1282,aaa7ad80-997a-4704-bc36-35234b4e398c.wav,tess,sadness
1283,c633e4e2-2d0b-4e37-9f31-1e521905b7ff.wav,tess,fear
1284,66a38616-eaa8-4648-8a7c-9c6e321e2904.wav,tess,sadness
1285,c165e6d8-4aae-4716-9027-4d865fddf661.wav,tess,sadness
1286,b797d3cd-64f5-4786-bbfd-a931bfbba305.wav,tess,disgust
1287,3b5bca91-402c-4c87-b96f-684162dc98d4.wav,tess,angry
1288,f05ca383-2faf-4789-a8bf-669e70134e5c.wav,tess,angry
1289,be0cf9e5-81b8-40aa-8fd4-79dbca69c82e.wav,tess,happy
1290,1d8e284f-ed9d-44ff-993b-2f6704d35239.wav,tess,angry
1291,faaf82b9-fc67-40e3-b663-78114f1f1f05.wav,tess,neutral
1292,701d20a8-1046-427c-8877-92df5ae01214.wav,tess,happy
1293,217ce944-064e-4ae9-9f95-6adcac9df00a.wav,tess,happy
1294,8cefb149-fb88-457c-ba43-1f73077f7a82.wav,tess,angry
1295,2cdde5ce-db51-44df-ab97-8a3ac6945423.wav,tess,neutral
1296,9e263e1a-5521-4c54-b237-695a42601c0c.wav,tess,disgust
1297,ec327ef2-6e80-4b7a-b77b-b8e355fe1abd.wav,tess,happy
1298,717c31b9-e54c-4493-beda-f86b0199e12d.wav,tess,neutral
1299,1d40da0b-64bf-40dd-809c-2c5b87278a0f.wav,tess,disgust
1300,580dd312-83af-4e2a-a594-4e0e125c2b1d.wav,tess,sadness
1301,3768beb3-58b2-4ed0-9029-bbbf2ee82df2.wav,tess,fear
1302,7ebaf0cb-f7dc-40ca-ab69-a5fe6822fc49.wav,tess,fear
1303,1ddcb80e-1426-4d3f-b4dc-e436216f0151.wav,tess,disgust
1304,ecbdd361-abcd-4ae1-9472-16ba24342539.wav,tess,fear
1305,f5ada89b-e016-432a-943f-df08791d9fbd.wav,tess,disgust
1306,71958af3-3e39-44e3-ae16-0067c9ad37b1.wav,tess,fear
1307,1b62ec12-47f0-4f6a-a85d-cdd3b2510606.wav,tess,angry
1308,3e5f00aa-5979-4ade-a09e-0275a711ec11.wav,tess,happy
1309,bb1d0c37-b98d-4866-9562-7b18a0753da4.wav,tess,fear
1310,f9dd4108-79cf-4e28-b9dc-3d3a496a13e0.wav,tess,angry
1311,141c0691-a95b-45f7-b7b0-bc6d9a5ac4ae.wav,tess,sadness
1312,6b835f4d-70bb-41af-9284-9a5742c6996f.wav,tess,fear
1313,78712449-47bd-44a7-9a78-90012e2e6aa9.wav,tess,disgust
1314,c60ca7b1-1d0c-4b4e-8cca-4392e98db9cc.wav,tess,surprise
1315,5aaef2b6-24c3-4c05-8da0-3a75a5e2660a.wav,tess,fear
1316,2e50b277-e52b-46c0-86bd-7ed164c7b20b.wav,tess,happy
1317,44deebfc-0acf-4ca2-ab57-745507960e53.wav,tess,angry
1318,70623509-e2a7-4969-b264-d0b3f6e49ef8.wav,tess,sadness
1319,273ae182-1c3b-464d-9d9c-24e8c80adee3.wav,tess,disgust
1320,bdbcdef8-3876-4697-9341-7aec1fa3ba49.wav,tess,happy
1321,e268bdfa-3043-40ab-8a3b-2c0177ec4b5a.wav,tess,happy
1322,c49e8ed4-52d8-45cf-a74e-1dd2347dca5a.wav,tess,fear
1323,8cacd317-8308-4fc5-98ea-2e6827249039.wav,tess,neutral
1324,97cd729c-e957-408b-8d08-fdc763a08700.wav,tess,surprise
1325,6a2f4e0b-d166-4970-92b6-65d2ee6d9368.wav,tess,disgust
1326,f7c0bd2b-e4c1-4f44-b0fc-e3c72a9b5dd5.wav,tess,angry
1327,41492d4f-f0d6-4383-b347-1c51814d9bf4.wav,tess,fear
1328,d1d802aa-d195-472f-9a86-6a3a144e5136.wav,tess,fear
1329,500adae0-ff91-48c8-80a3-3140768b8586.wav,tess,sadness
1330,5f959c04-94f9-4ba9-a25d-d6f12cf6f35b.wav,tess,fear
1331,4fdc622f-fa89-46c2-a58c-d09a0b85bb99.wav,tess,angry
1332,f73cf7f8-b0a7-4913-8b6e-07b6b4e193f9.wav,tess,neutral
1333,11aa1cfb-0f10-4002-be63-4d372d0ca696.wav,tess,angry
1334,af9be910-0658-4197-a2ec-fba267795661.wav,tess,happy
1335,74eb14a3-3d4c-465f-b57a-c43c9d4c2b48.wav,tess,fear
1336,9a6d2194-6782-4307-9aef-e98af9e938c3.wav,tess,surprise
1337,7f67fe56-bd75-4887-8099-08570e7b9002.wav,tess,angry
1338,6e16eb28-4556-466d-a0c0-c2691fd4eb47.wav,tess,sadness
1339,78dcd26f-2caa-4c7e-bd6e-ee3d11bb0bc6.wav,tess,fear
1340,0cbd2a6e-780e-4560-8918-cf8df8818b0a.wav,tess,sadness
1341,454cb51c-db04-4880-b215-7525b6c3e5df.wav,tess,happy
1342,a0bcce8e-31ef-4005-9823-33e8fcbec590.wav,tess,happy
1343,7c551547-2465-48b7-8927-a99731d6982e.wav,tess,disgust
1344,6b397bca-44ba-4f83-9ac4-1a440266bce4.wav,tess,sadness
1345,7c567f03-7daf-423d-b007-184ab1109009.wav,tess,disgust
1346,8cabab2a-7ae5-42a8-8644-d3384ea75d4d.wav,tess,surprise
1347,50c96e7c-6da5-4c81-a4b9-1234d46287eb.wav,tess,happy
1348,32f49b1f-58ed-4180-8175-ad9fbb0f1ecf.wav,tess,happy
1349,cabb9ac2-0afd-40a1-b146-baebbf89efa6.wav,tess,sadness
1350,24a2460c-6b9b-470f-8126-19790068f4d7.wav,tess,disgust
1351,7896586d-a303-4b4c-b3fa-944271bf4f07.wav,tess,angry
1352,e8cccedd-e5ec-49b3-8545-1db26664c0b3.wav,tess,disgust
1353,85c9a9af-8762-4382-8eb6-e9817f2807a6.wav,tess,angry
1354,13030713-b17e-4032-8364-947420528c69.wav,tess,fear
1355,539e28f7-d74d-478a-8749-cbc049ab7398.wav,tess,happy
1356,eb62a06a-c81c-4df8-be69-47ee079fba1f.wav,tess,sadness
1357,f552fa48-fb5b-4e13-abe1-834938366d13.wav,tess,sadness
1358,13f24e72-d9ee-4f42-b6ed-d417a58ce384.wav,tess,happy
1359,7a817846-7f1c-488e-9c4a-e68d38772682.wav,tess,happy
1360,cb206b76-eab5-4269-9816-13ce4abcb238.wav,tess,fear
1361,26867751-cbab-4b8b-8928-7f3d82adb76b.wav,tess,fear
1362,96e52960-28da-4075-95d8-0b185b18c878.wav,tess,angry
1363,f443b5be-860d-4dbe-bcd4-600cadd5b457.wav,tess,neutral
1364,cbcd6733-994e-4b4f-b8a6-297123b74288.wav,tess,fear
1365,53817507-bb10-4cd3-a9bb-b7755da96118.wav,tess,disgust
1366,21e79ed4-5e8c-4a09-b11d-5efbd8563c4a.wav,tess,angry
1367,78276027-a681-4c28-b8f4-a48774ad5ad5.wav,tess,fear
1368,39936545-7519-45d6-9919-91afdc6cb981.wav,tess,angry
1369,64dbf2f4-4265-48b5-9a92-49fab8ffaa7d.wav,tess,fear
1370,10cc9c3d-2061-4a19-a49c-4c975a8d9929.wav,tess,happy
1371,3d089969-a8e1-4cef-9c5f-dbdde9b3571e.wav,tess,fear
1372,37b35f75-56ea-40f1-95fb-2333250c093b.wav,tess,happy
1373,844c37bf-6883-4fc5-a242-83794e01e521.wav,tess,fear
1374,c6a50e6b-ea6c-4051-8bf8-c8ac1d78bab7.wav,tess,happy
1375,4471ff55-5784-4f43-810f-c438e737c538.wav,tess,neutral
1376,3a918dc6-619a-47a4-85b4-383e437ae8bf.wav,tess,sadness
1377,0226826f-48f6-42fd-b658-f793ec901d7c.wav,tess,disgust
1378,f13a7a4a-b19a-4181-8b70-819042c3aed1.wav,tess,fear
1379,a54cd883-4e01-4c07-8f4f-3005fdda4e3c.wav,tess,sadness
1380,1656443f-b726-49a7-b572-534bfdecc6c8.wav,tess,disgust
1381,d4243d13-0ba7-41e1-90ad-7881e946fce6.wav,tess,sadness
1382,d92d1675-aba4-4c57-a48e-6ee8037a9d36.wav,tess,fear
1383,34c3505d-4325-4d3d-8207-723950e7268d.wav,tess,disgust
1384,8ef99363-2516-40a1-a94c-6630d49d6ba1.wav,tess,fear
